,fasta_header,lengths,radius_of_gyration,end_to_end_distance,scaling_exponent,asphericity,prefactor,sequence
0,E-1-K,34,14.841726258455754,35.277538117433,0.523237,0.3906692,6.5120735,"KASNCFAIRH
FENKFAVETL
ICFNLFLNSQ
EKHY"
1,E-1-N,34,14.772994411245548,34.69732677390019,0.5162157,0.38839108,6.513961,"NASNCFAIRH
FENKFAVETL
ICFNLFLNSQ
EKHY"
2,E-1-T,34,14.813325714227249,35.060510080788994,0.5177755,0.3883243,6.4202633,"TASNCFAIRH
FENKFAVETL
ICFNLFLNSQ
EKHY"
3,E-1-R,34,14.800221620541905,34.776332252803016,0.51704025,0.38692847,6.556837,"RASNCFAIRH
FENKFAVETL
ICFNLFLNSQ
EKHY"
4,E-1-S,34,14.792380851564042,34.83850510213422,0.5171422,0.3893314,6.4828987,"SASNCFAIRH
FENKFAVETL
ICFNLFLNSQ
EKHY"
5,E-1-M,34,14.817087615087905,35.13796686879797,0.51879346,0.38906237,6.418867,"MASNCFAIRH
FENKFAVETL
ICFNLFLNSQ
EKHY"
6,E-1-I,34,14.84253535908432,35.310291400610026,0.51928043,0.38993844,6.369426,"IASNCFAIRH
FENKFAVETL
ICFNLFLNSQ
EKHY"
7,E-1-Q,34,14.734770662478466,34.60241732387913,0.51490736,0.387667,6.545125,"QASNCFAIRH
FENKFAVETL
ICFNLFLNSQ
EKHY"
8,E-1-H,34,14.76609203217195,34.17087752574182,0.5119521,0.3875078,6.5379515,"HASNCFAIRH
FENKFAVETL
ICFNLFLNSQ
EKHY"
9,E-1-P,34,14.896087533161673,35.569648468076366,0.517275,0.38948372,6.4242935,"PASNCFAIRH
FENKFAVETL
ICFNLFLNSQ
EKHY"
10,E-1-L,34,14.859291527256339,35.07166788430253,0.520563,0.38784528,6.4809294,"LASNCFAIRH
FENKFAVETL
ICFNLFLNSQ
EKHY"
11,A-2-K,34,14.878141347570319,35.59559529648113,0.5209352,0.39009035,6.476516,"EKSNCFAIRH
FENKFAVETL
ICFNLFLNSQ
EKHY"
12,A-2-N,34,14.747432670253355,34.96240593447165,0.5151651,0.38750234,6.469907,"ENSNCFAIRH
FENKFAVETL
ICFNLFLNSQ
EKHY"
13,A-2-T,34,14.814546316206426,35.3851512814469,0.51689357,0.38887078,6.466629,"ETSNCFAIRH
FENKFAVETL
ICFNLFLNSQ
EKHY"
14,A-2-R,34,14.791482777670478,34.96688796269587,0.51380694,0.38784772,6.589327,"ERSNCFAIRH
FENKFAVETL
ICFNLFLNSQ
EKHY"
15,A-2-S,34,14.81890600619128,35.292835958183424,0.51619256,0.3893069,6.4592705,"ESSNCFAIRH
FENKFAVETL
ICFNLFLNSQ
EKHY"
16,A-2-M,34,14.80421290560138,35.461615461468256,0.5166525,0.38872412,6.4669857,"EMSNCFAIRH
FENKFAVETL
ICFNLFLNSQ
EKHY"
17,A-2-I,34,14.820652106516848,35.422508931087535,0.5196727,0.3889717,6.3717175,"EISNCFAIRH
FENKFAVETL
ICFNLFLNSQ
EKHY"
18,A-2-Q,34,14.731489773331699,34.92867950620871,0.5136395,0.38712484,6.4714355,"EQSNCFAIRH
FENKFAVETL
ICFNLFLNSQ
EKHY"
19,A-2-H,34,14.735451864038598,34.73797087351664,0.5131458,0.38620836,6.554146,"EHSNCFAIRH
FENKFAVETL
ICFNLFLNSQ
EKHY"
20,A-2-P,34,14.843444554636008,35.316797570612934,0.515648,0.3873447,6.5335875,"EPSNCFAIRH
FENKFAVETL
ICFNLFLNSQ
EKHY"
21,A-2-L,34,14.808396039263506,35.402495507292265,0.51942587,0.38870305,6.4533653,"ELSNCFAIRH
FENKFAVETL
ICFNLFLNSQ
EKHY"
22,A-2-E,34,14.808496134186628,35.31095870009751,0.5167133,0.38977635,6.3898783,"EESNCFAIRH
FENKFAVETL
ICFNLFLNSQ
EKHY"
23,A-2-D,34,14.806191170540298,35.299450564353045,0.51634985,0.38927627,6.3941097,"EDSNCFAIRH
FENKFAVETL
ICFNLFLNSQ
EKHY"
24,S-3-K,34,14.859316550987119,35.5466099532712,0.52153534,0.3900426,6.477482,"EAKNCFAIRH
FENKFAVETL
ICFNLFLNSQ
EKHY"
25,S-3-N,34,14.726662973705611,35.143016101586554,0.5153282,0.38771814,6.4873095,"EANNCFAIRH
FENKFAVETL
ICFNLFLNSQ
EKHY"
26,S-3-T,34,14.814621387398768,35.414112079203434,0.518412,0.38891247,6.439494,"EATNCFAIRH
FENKFAVETL
ICFNLFLNSQ
EKHY"
27,N-4-K,34,14.951409441088106,35.8657264702557,0.52526265,0.3920785,6.4338675,"EASKCFAIRH
FENKFAVETL
ICFNLFLNSQ
EKHY"
28,C-5-K,34,14.908015511500336,35.595089261036456,0.52140015,0.38967764,6.5125704,"EASNKFAIRH
FENKFAVETL
ICFNLFLNSQ
EKHY"
29,C-5-N,34,14.731103295711868,34.99711384906408,0.5129309,0.3872798,6.529684,"EASNNFAIRH
FENKFAVETL
ICFNLFLNSQ
EKHY"
30,C-5-T,34,14.837458322150427,35.34558598266854,0.5175739,0.38889164,6.4399834,"EASNTFAIRH
FENKFAVETL
ICFNLFLNSQ
EKHY"
31,C-5-R,34,14.807759324335873,35.13578146297648,0.512793,0.38612127,6.6657953,"EASNRFAIRH
FENKFAVETL
ICFNLFLNSQ
EKHY"
32,C-5-S,34,14.8220756787568,35.25731894296242,0.5159753,0.38966635,6.4522686,"EASNSFAIRH
FENKFAVETL
ICFNLFLNSQ
EKHY"
33,C-5-M,34,14.856349848682374,35.42175821916412,0.5169179,0.38806817,6.462222,"EASNMFAIRH
FENKFAVETL
ICFNLFLNSQ
EKHY"
34,C-5-I,34,14.85008140412188,35.443011707840284,0.51789016,0.38835594,6.4085875,"EASNIFAIRH
FENKFAVETL
ICFNLFLNSQ
EKHY"
35,C-5-Q,34,14.723790805494925,34.9408688435133,0.5122214,0.38606223,6.511732,"EASNQFAIRH
FENKFAVETL
ICFNLFLNSQ
EKHY"
36,C-5-H,34,14.716921791395702,34.79084323624112,0.5087438,0.38439053,6.6068726,"EASNHFAIRH
FENKFAVETL
ICFNLFLNSQ
EKHY"
37,C-5-P,34,14.982691884978156,36.02638994352409,0.5199792,0.38456595,6.3546953,"EASNPFAIRH
FENKFAVETL
ICFNLFLNSQ
EKHY"
38,C-5-L,34,14.845770371391321,35.35868451552482,0.51818025,0.3885185,6.408927,"EASNLFAIRH
FENKFAVETL
ICFNLFLNSQ
EKHY"
39,C-5-E,34,14.838063062310953,35.56052314758511,0.51537764,0.3889574,6.293165,"EASNEFAIRH
FENKFAVETL
ICFNLFLNSQ
EKHY"
40,C-5-D,34,14.844883419155883,35.506182725988175,0.51663697,0.3895486,6.3327265,"EASNDFAIRH
FENKFAVETL
ICFNLFLNSQ
EKHY"
41,C-5-A,34,14.815124642428907,35.28521206153899,0.51600593,0.38987675,6.4533186,"EASNAFAIRH
FENKFAVETL
ICFNLFLNSQ
EKHY"
42,C-5-G,34,14.799551540639897,35.14504024336524,0.5155886,0.3906962,6.5030966,"EASNGFAIRH
FENKFAVETL
ICFNLFLNSQ
EKHY"
43,C-5-V,34,14.830732499399558,35.39157959984294,0.51578575,0.3889036,6.3911104,"EASNVFAIRH
FENKFAVETL
ICFNLFLNSQ
EKHY"
44,C-5-Y,34,14.57713506063451,34.19430251816682,0.5018993,0.38069808,6.6185465,"EASNYFAIRH
FENKFAVETL
ICFNLFLNSQ
EKHY"
45,C-5-W,34,14.395215318275428,33.44050155421027,0.48827988,0.37413356,6.8564987,"EASNWFAIRH
FENKFAVETL
ICFNLFLNSQ
EKHY"
46,F-6-K,34,15.02149674038225,36.14014504323732,0.5298174,0.39667857,6.3990602,"EASNCKAIRH
FENKFAVETL
ICFNLFLNSQ
EKHY"
47,F-6-N,34,14.883553424455217,35.74146696444376,0.52189505,0.39387715,6.395418,"EASNCNAIRH
FENKFAVETL
ICFNLFLNSQ
EKHY"
48,F-6-R,34,14.965205857991709,35.80230521480001,0.52355665,0.3930341,6.523589,"EASNCRAIRH
FENKFAVETL
ICFNLFLNSQ
EKHY"
49,F-6-S,34,14.934115262704308,35.9016355239256,0.52355695,0.39639953,6.347927,"EASNCSAIRH
FENKFAVETL
ICFNLFLNSQ
EKHY"
50,F-6-M,34,14.981999561759897,36.01571871255351,0.52560467,0.39518392,6.3449564,"EASNCMAIRH
FENKFAVETL
ICFNLFLNSQ
EKHY"
51,F-6-I,34,14.994681032436505,36.0767126661235,0.5259932,0.39506677,6.308586,"EASNCIAIRH
FENKFAVETL
ICFNLFLNSQ
EKHY"
52,F-6-Q,34,14.877525485751667,35.72595781218896,0.52136177,0.3927354,6.372095,"EASNCQAIRH
FENKFAVETL
ICFNLFLNSQ
EKHY"
53,F-6-H,34,14.897030093687734,35.62961644868437,0.5205166,0.39248085,6.462738,"EASNCHAIRH
FENKFAVETL
ICFNLFLNSQ
EKHY"
54,F-6-P,34,15.144887366653208,36.47779858390105,0.5307547,0.39271778,6.1822367,"EASNCPAIRH
FENKFAVETL
ICFNLFLNSQ
EKHY"
55,F-6-L,34,14.983011632649239,36.03495362028005,0.52659476,0.39585888,6.315654,"EASNCLAIRH
FENKFAVETL
ICFNLFLNSQ
EKHY"
56,F-6-E,34,15.012339445123885,36.18066402419987,0.5238705,0.39534938,6.2236786,"EASNCEAIRH
FENKFAVETL
ICFNLFLNSQ
EKHY"
57,F-6-D,34,14.997207039038061,36.11522140738003,0.5236232,0.3956016,6.25951,"EASNCDAIRH
FENKFAVETL
ICFNLFLNSQ
EKHY"
58,F-6-A,34,14.93674970547258,35.917736904475525,0.5238895,0.3966515,6.3596725,"EASNCAAIRH
FENKFAVETL
ICFNLFLNSQ
EKHY"
59,F-6-G,34,14.904756865669821,35.80860841454214,0.5222022,0.39745897,6.370906,"EASNCGAIRH
FENKFAVETL
ICFNLFLNSQ
EKHY"
60,F-6-V,34,14.970775028297616,36.00113265792306,0.5252502,0.39580858,6.3031664,"EASNCVAIRH
FENKFAVETL
ICFNLFLNSQ
EKHY"
61,F-6-Y,34,14.773674222598416,35.20949581302652,0.5149377,0.38765368,6.40952,"EASNCYAIRH
FENKFAVETL
ICFNLFLNSQ
EKHY"
62,F-6-W,34,14.655573334972985,34.69983748822182,0.5087792,0.38311383,6.5795803,"EASNCWAIRH
FENKFAVETL
ICFNLFLNSQ
EKHY"
63,F-6-C,34,14.932260726212027,35.96929413112677,0.52475125,0.39581448,6.3538666,"EASNCCAIRH
FENKFAVETL
ICFNLFLNSQ
EKHY"
64,A-7-K,34,14.956111122060292,35.734357444487586,0.52142197,0.38957864,6.4840317,"EASNCFKIRH
FENKFAVETL
ICFNLFLNSQ
EKHY"
65,A-7-N,34,14.748831218762527,35.08515567519317,0.5127222,0.38599986,6.498007,"EASNCFNIRH
FENKFAVETL
ICFNLFLNSQ
EKHY"
66,A-7-T,34,14.838021356092986,35.474041134008,0.51835144,0.38829467,6.428775,"EASNCFTIRH
FENKFAVETL
ICFNLFLNSQ
EKHY"
67,A-7-R,34,14.842322657372687,35.265662966970424,0.51154166,0.3849314,6.583049,"EASNCFRIRH
FENKFAVETL
ICFNLFLNSQ
EKHY"
68,A-7-S,34,14.796598740407807,35.344757419138254,0.51528203,0.38898224,6.4406004,"EASNCFSIRH
FENKFAVETL
ICFNLFLNSQ
EKHY"
69,A-7-M,34,14.898378594735346,35.58527995857053,0.51762843,0.38703418,6.4600096,"EASNCFMIRH
FENKFAVETL
ICFNLFLNSQ
EKHY"
70,A-7-I,34,14.905211463445665,35.63872508668844,0.51833355,0.38690397,6.3893223,"EASNCFIIRH
FENKFAVETL
ICFNLFLNSQ
EKHY"
71,A-7-Q,34,14.75359684926893,35.10307266643195,0.5119999,0.38468614,6.4756317,"EASNCFQIRH
FENKFAVETL
ICFNLFLNSQ
EKHY"
72,A-7-H,34,14.687106016170839,34.784626229349456,0.50679964,0.38299254,6.5496655,"EASNCFHIRH
FENKFAVETL
ICFNLFLNSQ
EKHY"
73,A-7-P,34,15.275900499361335,36.718743746342064,0.52245146,0.38579553,6.2316008,"EASNCFPIRH
FENKFAVETL
ICFNLFLNSQ
EKHY"
74,A-7-L,34,14.88259974227103,35.5534275297016,0.518702,0.38779444,6.3981867,"EASNCFLIRH
FENKFAVETL
ICFNLFLNSQ
EKHY"
75,A-7-E,34,14.795542182885967,35.388498900542416,0.51593643,0.38825387,6.3180456,"EASNCFEIRH
FENKFAVETL
ICFNLFLNSQ
EKHY"
76,A-7-D,34,14.774747462607444,35.331405868559635,0.5156148,0.38866052,6.3617134,"EASNCFDIRH
FENKFAVETL
ICFNLFLNSQ
EKHY"
77,I-8-K,34,14.830637965305499,35.29032524386179,0.5171953,0.3930776,6.602289,"EASNCFAKRH
FENKFAVETL
ICFNLFLNSQ
EKHY"
78,I-8-N,34,14.65895153862834,34.864793921526314,0.51067007,0.38795835,6.513133,"EASNCFANRH
FENKFAVETL
ICFNLFLNSQ
EKHY"
79,I-8-T,34,14.752523609259903,35.23482538940536,0.51596296,0.391133,6.469411,"EASNCFATRH
FENKFAVETL
ICFNLFLNSQ
EKHY"
80,I-8-R,34,14.699809730163695,34.77345452376327,0.5100904,0.38784355,6.687358,"EASNCFARRH
FENKFAVETL
ICFNLFLNSQ
EKHY"
81,I-8-S,34,14.71617385988682,35.081029540028936,0.51436424,0.3911353,6.508321,"EASNCFASRH
FENKFAVETL
ICFNLFLNSQ
EKHY"
82,I-8-M,34,14.791482777670478,35.1837936611005,0.51657254,0.38983345,6.502269,"EASNCFAMRH
FENKFAVETL
ICFNLFLNSQ
EKHY"
83,R-9-K,34,14.916316439083106,35.90767180387274,0.5281935,0.39585286,6.4100637,"EASNCFAIKH
FENKFAVETL
ICFNLFLNSQ
EKHY"
84,R-9-N,34,14.752303956511943,35.42417161897716,0.51845926,0.39075595,6.3526535,"EASNCFAINH
FENKFAVETL
ICFNLFLNSQ
EKHY"
85,R-9-T,34,14.833664446522663,35.86525658019993,0.5241104,0.39399582,6.32407,"EASNCFAITH
FENKFAVETL
ICFNLFLNSQ
EKHY"
86,R-9-S,34,14.810682930215384,35.71341258182438,0.5231938,0.39385253,6.313369,"EASNCFAISH
FENKFAVETL
ICFNLFLNSQ
EKHY"
87,R-9-M,34,14.875505514594781,35.834688702844396,0.5251682,0.39300948,6.346985,"EASNCFAIMH
FENKFAVETL
ICFNLFLNSQ
EKHY"
88,R-9-I,34,14.891744525664006,35.90481631814924,0.52449936,0.39253145,6.3062563,"EASNCFAIIH
FENKFAVETL
ICFNLFLNSQ
EKHY"
89,R-9-Q,34,14.752100986251168,35.4169286391235,0.5182599,0.38946217,6.3306694,"EASNCFAIQH
FENKFAVETL
ICFNLFLNSQ
EKHY"
90,R-9-H,34,14.643839985651502,35.07335003509388,0.5124744,0.38694888,6.4394045,"EASNCFAIHH
FENKFAVETL
ICFNLFLNSQ
EKHY"
91,H-10-K,34,15.053445093552511,36.12912069962128,0.53322667,0.3984523,6.403227,"EASNCFAIRK
FENKFAVETL
ICFNLFLNSQ
EKHY"
92,H-10-N,34,15.012570219529971,35.89112555699782,0.52406275,0.39333513,6.3821373,"EASNCFAIRN
FENKFAVETL
ICFNLFLNSQ
EKHY"
93,H-10-T,34,15.085672878383155,36.22328499854798,0.5308393,0.39786112,6.2977886,"EASNCFAIRT
FENKFAVETL
ICFNLFLNSQ
EKHY"
94,H-10-R,34,14.948743023552726,35.64183359013427,0.5235766,0.3921628,6.5532656,"EASNCFAIRR
FENKFAVETL
ICFNLFLNSQ
EKHY"
95,H-10-S,34,15.065051934012828,36.12228087987464,0.52998555,0.3980262,6.2916126,"EASNCFAIRS
FENKFAVETL
ICFNLFLNSQ
EKHY"
96,H-10-M,34,15.108566811632702,36.29861754985515,0.53312206,0.39714178,6.358327,"EASNCFAIRM
FENKFAVETL
ICFNLFLNSQ
EKHY"
97,H-10-I,34,15.152149809408591,36.34509773957251,0.5313285,0.39632696,6.281789,"EASNCFAIRI
FENKFAVETL
ICFNLFLNSQ
EKHY"
98,H-10-Q,34,15.01631821831797,35.85258345076692,0.52310824,0.392914,6.3521595,"EASNCFAIRQ
FENKFAVETL
ICFNLFLNSQ
EKHY"
99,F-11-K,34,15.108684979250278,36.30051935339446,0.5354482,0.40212908,6.520789,"EASNCFAIRH
KENKFAVETL
ICFNLFLNSQ
EKHY"
100,F-11-N,34,14.94608216684641,35.9260698068254,0.52750623,0.39627218,6.418601,"EASNCFAIRH
NENKFAVETL
ICFNLFLNSQ
EKHY"
101,F-11-T,34,15.024051941336385,36.26793011467477,0.53238124,0.40025488,6.4062185,"EASNCFAIRH
TENKFAVETL
ICFNLFLNSQ
EKHY"
102,F-11-R,34,14.984396279085756,35.79420030644168,0.52578264,0.39511812,6.5506887,"EASNCFAIRH
RENKFAVETL
ICFNLFLNSQ
EKHY"
103,F-11-S,34,15.010444592620901,36.12326236620413,0.5311664,0.40023166,6.3893948,"EASNCFAIRH
SENKFAVETL
ICFNLFLNSQ
EKHY"
104,F-11-M,34,15.068512159896853,36.33332268403306,0.53350586,0.40013766,6.4007998,"EASNCFAIRH
MENKFAVETL
ICFNLFLNSQ
EKHY"
105,F-11-I,34,15.089306880175377,36.34596800932076,0.53266513,0.39913005,6.3797407,"EASNCFAIRH
IENKFAVETL
ICFNLFLNSQ
EKHY"
106,F-11-Q,34,14.953013740272585,35.898805061932876,0.5257764,0.39682126,6.3964567,"EASNCFAIRH
QENKFAVETL
ICFNLFLNSQ
EKHY"
107,F-11-H,34,14.862002431424218,35.474853015051096,0.522023,0.39357334,6.474308,"EASNCFAIRH
HENKFAVETL
ICFNLFLNSQ
EKHY"
108,F-11-P,34,15.342463623237236,36.99433009342677,0.54324406,0.40217745,6.3793383,"EASNCFAIRH
PENKFAVETL
ICFNLFLNSQ
EKHY"
109,F-11-L,34,15.069172508348002,36.272737451399145,0.532239,0.3996065,6.3862743,"EASNCFAIRH
LENKFAVETL
ICFNLFLNSQ
EKHY"
110,F-11-E,34,14.969422356628208,36.20616876669418,0.52953273,0.39925465,6.262725,"EASNCFAIRH
EENKFAVETL
ICFNLFLNSQ
EKHY"
111,F-11-D,34,14.953380754990697,36.17834793889542,0.5294178,0.39930284,6.2709293,"EASNCFAIRH
DENKFAVETL
ICFNLFLNSQ
EKHY"
112,F-11-A,34,14.997931337023427,36.145416709188396,0.5307769,0.40045285,6.3879623,"EASNCFAIRH
AENKFAVETL
ICFNLFLNSQ
EKHY"
113,F-11-G,34,14.949766216100192,35.982506660978835,0.530442,0.39932775,6.3945684,"EASNCFAIRH
GENKFAVETL
ICFNLFLNSQ
EKHY"
114,F-11-V,34,15.035664342625761,36.24797229917012,0.5327051,0.39958313,6.3836117,"EASNCFAIRH
VENKFAVETL
ICFNLFLNSQ
EKHY"
115,F-11-Y,34,14.770017977489944,35.33402223863346,0.51709855,0.38698205,6.3655853,"EASNCFAIRH
YENKFAVETL
ICFNLFLNSQ
EKHY"
116,F-11-W,34,14.594262414146439,34.73514597235298,0.5093287,0.37821177,6.5318317,"EASNCFAIRH
WENKFAVETL
ICFNLFLNSQ
EKHY"
117,F-11-C,34,15.022019458314109,36.09699300971376,0.53337365,0.39903873,6.3761997,"EASNCFAIRH
CENKFAVETL
ICFNLFLNSQ
EKHY"
118,E-12-K,34,15.02249351899167,35.64313760454938,0.522941,0.3941689,6.873087,"EASNCFAIRH
FKNKFAVETL
ICFNLFLNSQ
EKHY"
119,E-12-N,34,14.813612096923958,34.94087162392783,0.5147408,0.38531572,6.6918497,"EASNCFAIRH
FNNKFAVETL
ICFNLFLNSQ
EKHY"
120,E-12-T,34,14.89877341359877,35.40607668120839,0.5231722,0.39076978,6.688096,"EASNCFAIRH
FTNKFAVETL
ICFNLFLNSQ
EKHY"
121,E-12-R,34,14.87376080447648,34.999329839445416,0.51089174,0.3853659,6.9433937,"EASNCFAIRH
FRNKFAVETL
ICFNLFLNSQ
EKHY"
122,E-12-S,34,14.871806173061078,35.28267354307204,0.51913875,0.39038438,6.6323385,"EASNCFAIRH
FSNKFAVETL
ICFNLFLNSQ
EKHY"
123,E-12-M,34,14.970516449746219,35.47769181828741,0.52211845,0.3909573,6.688834,"EASNCFAIRH
FMNKFAVETL
ICFNLFLNSQ
EKHY"
124,E-12-I,34,14.966142857688709,35.48427027906813,0.52209765,0.39012223,6.6772356,"EASNCFAIRH
FINKFAVETL
ICFNLFLNSQ
EKHY"
125,E-12-Q,34,14.813612096923958,34.97935534145358,0.5131567,0.38546142,6.730341,"EASNCFAIRH
FQNKFAVETL
ICFNLFLNSQ
EKHY"
126,E-12-H,34,14.697432475739555,34.467241910617865,0.50979733,0.38279876,6.8666296,"EASNCFAIRH
FHNKFAVETL
ICFNLFLNSQ
EKHY"
127,E-12-P,34,15.434068550588005,36.61501482142818,0.53132516,0.398619,6.860177,"EASNCFAIRH
FPNKFAVETL
ICFNLFLNSQ
EKHY"
128,E-12-L,34,14.946663273483422,35.44975421307834,0.5203878,0.39118743,6.6329994,"EASNCFAIRH
FLNKFAVETL
ICFNLFLNSQ
EKHY"
129,F-15-K,34,15.04793709236629,36.23577462062194,0.5272959,0.39887962,6.383999,"EASNCFAIRH
FENKKAVETL
ICFNLFLNSQ
EKHY"
130,F-15-N,34,14.907414941961607,35.875683134691776,0.5200426,0.39476168,6.377055,"EASNCFAIRH
FENKNAVETL
ICFNLFLNSQ
EKHY"
131,F-15-T,34,14.982529230728083,36.15574872958617,0.5220243,0.39792597,6.36994,"EASNCFAIRH
FENKTAVETL
ICFNLFLNSQ
EKHY"
132,F-15-R,34,14.975932697252913,35.79283234249235,0.5224867,0.39425057,6.473879,"EASNCFAIRH
FENKRAVETL
ICFNLFLNSQ
EKHY"
133,F-15-S,34,14.961874921383382,36.132151351460244,0.52356964,0.3977035,6.3291845,"EASNCFAIRH
FENKSAVETL
ICFNLFLNSQ
EKHY"
134,F-15-M,34,15.012940014662615,36.26182710477888,0.52428746,0.39799127,6.381093,"EASNCFAIRH
FENKMAVETL
ICFNLFLNSQ
EKHY"
135,F-15-I,34,15.023616806462258,36.34124130461779,0.5219051,0.3988209,6.4577894,"EASNCFAIRH
FENKIAVETL
ICFNLFLNSQ
EKHY"
136,F-15-Q,34,14.903269343895651,35.867736709961726,0.51854175,0.39395165,6.409851,"EASNCFAIRH
FENKQAVETL
ICFNLFLNSQ
EKHY"
137,F-15-H,34,14.870210215120192,35.61901472807706,0.5195942,0.39263523,6.393197,"EASNCFAIRH
FENKHAVETL
ICFNLFLNSQ
EKHY"
138,F-15-P,34,15.334715998146168,36.88742037428924,0.53024745,0.40109146,6.6322136,"EASNCFAIRH
FENKPAVETL
ICFNLFLNSQ
EKHY"
139,F-15-L,34,15.010782412986437,36.24811410031121,0.5243042,0.39858213,6.4101734,"EASNCFAIRH
FENKLAVETL
ICFNLFLNSQ
EKHY"
140,F-15-E,34,15.035446080085066,36.41384348885537,0.519684,0.3989178,6.334943,"EASNCFAIRH
FENKEAVETL
ICFNLFLNSQ
EKHY"
141,F-15-D,34,15.01583998701861,36.37349967400828,0.5205396,0.39933747,6.324581,"EASNCFAIRH
FENKDAVETL
ICFNLFLNSQ
EKHY"
142,F-15-A,34,14.944686398751768,36.116617175474666,0.52315646,0.39740878,6.325472,"EASNCFAIRH
FENKAAVETL
ICFNLFLNSQ
EKHY"
143,F-15-G,34,14.912961868951266,35.96687239007014,0.5231745,0.397139,6.28111,"EASNCFAIRH
FENKGAVETL
ICFNLFLNSQ
EKHY"
144,F-15-V,34,14.998837752160586,36.29720787968785,0.52255464,0.3980225,6.412958,"EASNCFAIRH
FENKVAVETL
ICFNLFLNSQ
EKHY"
145,F-15-Y,34,14.770366919513604,35.31664742822825,0.51837707,0.38778162,6.494955,"EASNCFAIRH
FENKYAVETL
ICFNLFLNSQ
EKHY"
146,F-15-W,34,14.649653832436151,34.68622179826274,0.51425505,0.37945455,6.50955,"EASNCFAIRH
FENKWAVETL
ICFNLFLNSQ
EKHY"
147,F-15-C,34,14.964955620683904,36.131653657259164,0.5248379,0.39604592,6.3336725,"EASNCFAIRH
FENKCAVETL
ICFNLFLNSQ
EKHY"
148,A-16-K,34,14.902577020677393,35.35724148038315,0.5203098,0.39229235,6.599641,"EASNCFAIRH
FENKFKVETL
ICFNLFLNSQ
EKHY"
149,A-16-N,34,14.774177477628555,34.98402087703686,0.5121406,0.38568044,6.5616884,"EASNCFAIRH
FENKFNVETL
ICFNLFLNSQ
EKHY"
150,A-16-T,34,14.850734801536703,35.41031403295388,0.5166463,0.39026326,6.558669,"EASNCFAIRH
FENKFTVETL
ICFNLFLNSQ
EKHY"
151,A-16-R,34,14.789967451750996,34.851878896029085,0.5140067,0.38519466,6.7478065,"EASNCFAIRH
FENKFRVETL
ICFNLFLNSQ
EKHY"
152,A-16-S,34,14.817599211361637,35.249250179993005,0.5155921,0.38984233,6.455158,"EASNCFAIRH
FENKFSVETL
ICFNLFLNSQ
EKHY"
153,A-16-M,34,14.905107197900746,35.341682280666795,0.51829624,0.3910057,6.590392,"EASNCFAIRH
FENKFMVETL
ICFNLFLNSQ
EKHY"
154,A-16-I,34,14.912339056096286,35.4181242173719,0.5161536,0.39100695,6.6071424,"EASNCFAIRH
FENKFIVETL
ICFNLFLNSQ
EKHY"
155,A-16-Q,34,14.777419440971885,35.05050058847683,0.510776,0.3852034,6.623168,"EASNCFAIRH
FENKFQVETL
ICFNLFLNSQ
EKHY"
156,A-16-H,34,14.601253766485033,34.42244109127733,0.51048857,0.3821933,6.6183147,"EASNCFAIRH
FENKFHVETL
ICFNLFLNSQ
EKHY"
157,A-16-P,34,15.301476142426184,36.296699063828655,0.52437544,0.39884618,7.029805,"EASNCFAIRH
FENKFPVETL
ICFNLFLNSQ
EKHY"
158,A-16-L,34,14.897438814623815,35.36653362574628,0.5165908,0.39127883,6.57749,"EASNCFAIRH
FENKFLVETL
ICFNLFLNSQ
EKHY"
159,A-16-E,34,14.803655432487885,35.56678464110928,0.5124983,0.39010558,6.4356318,"EASNCFAIRH
FENKFEVETL
ICFNLFLNSQ
EKHY"
160,A-16-D,34,14.784558155280632,35.530878367853916,0.5129588,0.38994998,6.427518,"EASNCFAIRH
FENKFDVETL
ICFNLFLNSQ
EKHY"
161,V-17-K,34,14.918964783924034,35.4358827249824,0.521218,0.3927061,6.4320297,"EASNCFAIRH
FENKFAKETL
ICFNLFLNSQ
EKHY"
162,V-17-N,34,14.711087091502069,34.85753982001452,0.51132,0.38520488,6.352084,"EASNCFAIRH
FENKFANETL
ICFNLFLNSQ
EKHY"
163,V-17-T,34,14.782154486918445,35.31593564210828,0.51622826,0.38908762,6.387903,"EASNCFAIRH
FENKFATETL
ICFNLFLNSQ
EKHY"
164,V-17-R,34,14.838135353088763,34.89980212088811,0.51592076,0.38830948,6.5250187,"EASNCFAIRH
FENKFARETL
ICFNLFLNSQ
EKHY"
165,V-17-S,34,14.75203425630242,35.14792353323404,0.51581496,0.38788632,6.324727,"EASNCFAIRH
FENKFASETL
ICFNLFLNSQ
EKHY"
166,V-17-M,34,14.829905326076538,35.238356515859934,0.51876664,0.38965648,6.4209538,"EASNCFAIRH
FENKFAMETL
ICFNLFLNSQ
EKHY"
167,V-17-I,34,14.858215506832781,35.29161257578971,0.5144556,0.3897827,6.4683714,"EASNCFAIRH
FENKFAIETL
ICFNLFLNSQ
EKHY"
168,V-17-Q,34,14.714110792304702,34.98383180884874,0.51009953,0.38471276,6.4008694,"EASNCFAIRH
FENKFAQETL
ICFNLFLNSQ
EKHY"
169,V-17-H,34,14.70284872324625,34.64219115374734,0.5112111,0.3842151,6.3862333,"EASNCFAIRH
FENKFAHETL
ICFNLFLNSQ
EKHY"
170,V-17-P,34,15.179232437149327,36.164851806761185,0.52468795,0.39696345,6.848563,"EASNCFAIRH
FENKFAPETL
ICFNLFLNSQ
EKHY"
171,V-17-L,34,14.830991077950955,35.30874827054524,0.5167747,0.38981283,6.4278803,"EASNCFAIRH
FENKFALETL
ICFNLFLNSQ
EKHY"
172,V-17-E,34,14.802871355590097,35.45365513466555,0.5140164,0.3880369,6.269211,"EASNCFAIRH
FENKFAEETL
ICFNLFLNSQ
EKHY"
173,V-17-D,34,14.772420255644864,35.38865182334163,0.51415807,0.38781095,6.2601633,"EASNCFAIRH
FENKFADETL
ICFNLFLNSQ
EKHY"
174,V-17-A,34,14.752438806616704,35.218382017868095,0.5160189,0.38839477,6.2946444,"EASNCFAIRH
FENKFAAETL
ICFNLFLNSQ
EKHY"
175,V-17-G,34,14.693856862652488,34.92262376335985,0.51560265,0.38718754,6.2488375,"EASNCFAIRH
FENKFAGETL
ICFNLFLNSQ
EKHY"
176,E-18-K,34,14.896373915858382,35.29112322283223,0.52953583,0.39292973,6.646291,"EASNCFAIRH
FENKFAVKTL
ICFNLFLNSQ
EKHY"
177,E-18-N,34,14.698413962069054,34.85995321982757,0.51643014,0.38564458,6.443898,"EASNCFAIRH
FENKFAVNTL
ICFNLFLNSQ
EKHY"
178,E-18-T,34,14.764229154436075,35.2686769363222,0.5218868,0.38818216,6.4587603,"EASNCFAIRH
FENKFAVTTL
ICFNLFLNSQ
EKHY"
179,E-18-R,34,14.819099245001196,34.790709776343625,0.5183331,0.38838187,6.709934,"EASNCFAIRH
FENKFAVRTL
ICFNLFLNSQ
EKHY"
180,E-18-S,34,14.745291751064364,35.11569852881793,0.5214779,0.38771287,6.3908253,"EASNCFAIRH
FENKFAVSTL
ICFNLFLNSQ
EKHY"
181,E-18-M,34,14.811268207474193,35.222594345882804,0.52284485,0.38875514,6.5490923,"EASNCFAIRH
FENKFAVMTL
ICFNLFLNSQ
EKHY"
182,E-18-I,34,14.83452081419826,35.3333299154152,0.52081436,0.39001644,6.5359583,"EASNCFAIRH
FENKFAVITL
ICFNLFLNSQ
EKHY"
183,E-18-Q,34,14.698433424970773,34.96525307895155,0.5140963,0.38534018,6.5486765,"EASNCFAIRH
FENKFAVQTL
ICFNLFLNSQ
EKHY"
184,E-18-H,34,14.68514026309731,34.621379750981625,0.5116724,0.38366413,6.5350275,"EASNCFAIRH
FENKFAVHTL
ICFNLFLNSQ
EKHY"
185,E-18-P,34,15.11111784196504,36.02135461280816,0.52957356,0.3965271,6.870611,"EASNCFAIRH
FENKFAVPTL
ICFNLFLNSQ
EKHY"
186,E-18-L,34,14.809914145597519,35.257819417578034,0.5218886,0.38984957,6.5572796,"EASNCFAIRH
FENKFAVLTL
ICFNLFLNSQ
EKHY"
187,T-19-K,34,14.93770894848583,35.383830584544604,0.51983535,0.39335787,6.5207605,"EASNCFAIRH
FENKFAVEKL
ICFNLFLNSQ
EKHY"
188,T-19-N,34,14.74037875858781,34.89152204641432,0.51190734,0.38649148,6.5044355,"EASNCFAIRH
FENKFAVENL
ICFNLFLNSQ
EKHY"
189,L-20-K,34,14.831479040701174,35.23320718814823,0.52124023,0.39177367,6.3454437,"EASNCFAIRH
FENKFAVETK
ICFNLFLNSQ
EKHY"
190,L-20-N,34,14.690083840133708,34.910328770303074,0.5114594,0.38494694,6.2996635,"EASNCFAIRH
FENKFAVETN
ICFNLFLNSQ
EKHY"
191,L-20-T,34,14.755643234363863,35.283730100593885,0.51562345,0.3878609,6.2909164,"EASNCFAIRH
FENKFAVETT
ICFNLFLNSQ
EKHY"
192,L-20-R,34,14.756441213334304,34.7188527432004,0.5146474,0.38771188,6.4090405,"EASNCFAIRH
FENKFAVETR
ICFNLFLNSQ
EKHY"
193,L-20-S,34,14.732704814481815,35.17034201559876,0.5160737,0.38715202,6.183009,"EASNCFAIRH
FENKFAVETS
ICFNLFLNSQ
EKHY"
194,L-20-M,34,14.802979791756814,35.28317401768766,0.5146506,0.388569,6.3407574,"EASNCFAIRH
FENKFAVETM
ICFNLFLNSQ
EKHY"
195,L-20-I,34,14.827511389165211,35.3785116515465,0.5147448,0.3892901,6.3939857,"EASNCFAIRH
FENKFAVETI
ICFNLFLNSQ
EKHY"
196,L-20-Q,34,14.690381344488541,34.97150067040306,0.5102467,0.38467303,6.455886,"EASNCFAIRH
FENKFAVETQ
ICFNLFLNSQ
EKHY"
197,L-20-H,34,14.637350498135781,34.38025942242515,0.5104303,0.38417032,6.326441,"EASNCFAIRH
FENKFAVETH
ICFNLFLNSQ
EKHY"
198,L-20-P,34,15.149701654413906,36.101291530578926,0.5186271,0.39755163,6.890461,"EASNCFAIRH
FENKFAVETP
ICFNLFLNSQ
EKHY"
199,L-20-E,34,14.78992852594756,35.34706516319911,0.5105179,0.3902355,6.240445,"EASNCFAIRH
FENKFAVETE
ICFNLFLNSQ
EKHY"
200,L-20-D,34,14.768992004527947,35.26103357677605,0.5118349,0.38949284,6.1797285,"EASNCFAIRH
FENKFAVETD
ICFNLFLNSQ
EKHY"
201,L-20-A,34,14.726899308940759,35.18443037602814,0.5147031,0.3870257,6.1812305,"EASNCFAIRH
FENKFAVETA
ICFNLFLNSQ
EKHY"
202,L-20-G,34,14.6831939729255,35.09116693140953,0.5165149,0.3858716,6.1295424,"EASNCFAIRH
FENKFAVETG
ICFNLFLNSQ
EKHY"
203,L-20-V,34,14.784883463780776,35.336065843313854,0.51552665,0.3884793,6.33817,"EASNCFAIRH
FENKFAVETV
ICFNLFLNSQ
EKHY"
204,L-20-Y,34,14.57662902518984,34.341116746655516,0.5085847,0.37842715,6.527095,"EASNCFAIRH
FENKFAVETY
ICFNLFLNSQ
EKHY"
205,L-20-W,34,14.401760414081773,33.76611033912503,0.5076273,0.37440005,6.4140434,"EASNCFAIRH
FENKFAVETW
ICFNLFLNSQ
EKHY"
206,L-20-C,34,14.737767949343052,35.18006790562875,0.51599824,0.3877861,6.2239475,"EASNCFAIRH
FENKFAVETC
ICFNLFLNSQ
EKHY"
207,I-21-K,34,14.869772299831535,35.39607274972529,0.52311987,0.3927586,6.4161634,"EASNCFAIRH
FENKFAVETL
KCFNLFLNSQ
EKHY"
208,I-21-N,34,14.670070416338438,34.73050268008595,0.51174784,0.38515252,6.399144,"EASNCFAIRH
FENKFAVETL
NCFNLFLNSQ
EKHY"
209,I-21-T,34,14.746309382782767,35.26558789577808,0.51795787,0.3878727,6.353717,"EASNCFAIRH
FENKFAVETL
TCFNLFLNSQ
EKHY"
210,I-21-R,34,14.782155877125712,34.82655488047931,0.5125858,0.38973713,6.458024,"EASNCFAIRH
FENKFAVETL
RCFNLFLNSQ
EKHY"
211,I-21-S,34,14.728306198693526,35.0386115359416,0.5173505,0.38743073,6.2931795,"EASNCFAIRH
FENKFAVETL
SCFNLFLNSQ
EKHY"
212,I-21-M,34,14.792275195811857,35.25684349207759,0.5165759,0.38903525,6.3312397,"EASNCFAIRH
FENKFAVETL
MCFNLFLNSQ
EKHY"
213,C-22-K,34,14.97470097361561,35.54317892173975,0.52566624,0.39513332,6.3395014,"EASNCFAIRH
FENKFAVETL
IKFNLFLNSQ
EKHY"
214,C-22-N,34,14.745294531478896,35.06009857943838,0.50920016,0.38708025,6.4158144,"EASNCFAIRH
FENKFAVETL
INFNLFLNSQ
EKHY"
215,C-22-T,34,14.83829105630251,35.52005977491318,0.51941687,0.39090058,6.294278,"EASNCFAIRH
FENKFAVETL
ITFNLFLNSQ
EKHY"
216,C-22-R,34,14.88353674196803,35.197523348055356,0.51042956,0.3913305,6.380066,"EASNCFAIRH
FENKFAVETL
IRFNLFLNSQ
EKHY"
217,C-22-S,34,14.807244947647607,35.28058823217368,0.5195184,0.38955083,6.2822504,"EASNCFAIRH
FENKFAVETL
ISFNLFLNSQ
EKHY"
218,C-22-I,34,14.935619466965665,35.777690204955675,0.5188777,0.39312184,6.2917547,"EASNCFAIRH
FENKFAVETL
IIFNLFLNSQ
EKHY"
219,C-22-Q,34,14.732443455515886,35.19121180706963,0.50922894,0.38709173,6.2636538,"EASNCFAIRH
FENKFAVETL
IQFNLFLNSQ
EKHY"
220,C-22-H,34,14.727523512003003,34.82889598951454,0.5072905,0.38537064,6.2588854,"EASNCFAIRH
FENKFAVETL
IHFNLFLNSQ
EKHY"
221,C-22-P,34,15.295380083566622,36.58451645443592,0.5181254,0.402561,6.5318794,"EASNCFAIRH
FENKFAVETL
IPFNLFLNSQ
EKHY"
222,C-22-L,34,14.916907277170978,35.641383162980226,0.52005684,0.39278525,6.376296,"EASNCFAIRH
FENKFAVETL
ILFNLFLNSQ
EKHY"
223,C-22-E,34,14.92606874305114,35.66150502294221,0.51109743,0.3928206,6.296502,"EASNCFAIRH
FENKFAVETL
IEFNLFLNSQ
EKHY"
224,C-22-D,34,14.867098931259829,35.60680036704169,0.5105496,0.39211637,6.2497797,"EASNCFAIRH
FENKFAVETL
IDFNLFLNSQ
EKHY"
225,C-22-A,34,14.796832295228425,35.440392557351934,0.5185838,0.38994458,6.2593765,"EASNCFAIRH
FENKFAVETL
IAFNLFLNSQ
EKHY"
226,C-22-G,34,14.75614370897947,35.163808041450544,0.5199767,0.3883106,6.24234,"EASNCFAIRH
FENKFAVETL
IGFNLFLNSQ
EKHY"
227,C-22-V,34,14.866416339492428,35.63599471961884,0.52191484,0.39117074,6.3386726,"EASNCFAIRH
FENKFAVETL
IVFNLFLNSQ
EKHY"
228,C-22-Y,34,14.572188703183581,34.37827976727896,0.49845785,0.3790776,6.374958,"EASNCFAIRH
FENKFAVETL
IYFNLFLNSQ
EKHY"
229,C-22-W,34,14.379797919700161,33.58639268507462,0.5017122,0.37290683,6.444334,"EASNCFAIRH
FENKFAVETL
IWFNLFLNSQ
EKHY"
230,F-23-K,34,15.132368550226673,35.99436790936875,0.54045886,0.4019295,6.245426,"EASNCFAIRH
FENKFAVETL
ICKNLFLNSQ
EKHY"
231,F-23-N,34,14.933867805811037,35.80786326344779,0.52962065,0.39454126,6.3420553,"EASNCFAIRH
FENKFAVETL
ICNNLFLNSQ
EKHY"
232,F-23-R,34,15.053638332362427,35.69762260770194,0.5267226,0.3980719,6.3570614,"EASNCFAIRH
FENKFAVETL
ICRNLFLNSQ
EKHY"
233,F-23-S,34,14.987611828491039,35.870417029569765,0.53669566,0.3975898,6.2284403,"EASNCFAIRH
FENKFAVETL
ICSNLFLNSQ
EKHY"
234,F-23-M,34,15.063269688298355,36.13815704684754,0.5380029,0.399174,6.2938633,"EASNCFAIRH
FENKFAVETL
ICMNLFLNSQ
EKHY"
235,F-23-I,34,15.095521106652514,36.17980487610974,0.53701496,0.400255,6.254305,"EASNCFAIRH
FENKFAVETL
ICINLFLNSQ
EKHY"
236,F-23-Q,34,14.927375537880785,35.82516856348971,0.5291951,0.39431545,6.3212166,"EASNCFAIRH
FENKFAVETL
ICQNLFLNSQ
EKHY"
237,F-23-H,34,14.91941521107808,35.490036858805745,0.52292144,0.3948331,6.320959,"EASNCFAIRH
FENKFAVETL
ICHNLFLNSQ
EKHY"
238,F-23-P,34,15.375458802478478,36.75581223287145,0.5381906,0.40730625,6.348918,"EASNCFAIRH
FENKFAVETL
ICPNLFLNSQ
EKHY"
239,F-23-L,34,15.08137296731072,35.991887779606955,0.5378636,0.39979982,6.2901087,"EASNCFAIRH
FENKFAVETL
ICLNLFLNSQ
EKHY"
240,F-23-E,34,15.088372660892908,36.02154368099628,0.53200173,0.40053236,6.305869,"EASNCFAIRH
FENKFAVETL
ICENLFLNSQ
EKHY"
241,F-23-D,34,15.035366838270928,35.93850382060874,0.53142256,0.39939418,6.2592897,"EASNCFAIRH
FENKFAVETL
ICDNLFLNSQ
EKHY"
242,F-23-A,34,14.983790148717963,35.91348287024286,0.5372591,0.39748526,6.2547083,"EASNCFAIRH
FENKFAVETL
ICANLFLNSQ
EKHY"
243,F-23-G,34,14.931225021799172,35.84194280435619,0.5374189,0.3966623,6.242758,"EASNCFAIRH
FENKFAVETL
ICGNLFLNSQ
EKHY"
244,F-23-V,34,15.039665359136096,36.15075232467368,0.5386319,0.39848527,6.2902393,"EASNCFAIRH
FENKFAVETL
ICVNLFLNSQ
EKHY"
245,F-23-Y,34,14.791132445439551,35.27231649894348,0.51471424,0.38727078,6.4787674,"EASNCFAIRH
FENKFAVETL
ICYNLFLNSQ
EKHY"
246,F-23-W,34,14.584393332768096,34.81115138397669,0.5036737,0.3805797,6.5333176,"EASNCFAIRH
FENKFAVETL
ICWNLFLNSQ
EKHY"
247,F-23-C,34,14.99304753889945,35.87046707703132,0.53544295,0.39760885,6.3039865,"EASNCFAIRH
FENKFAVETL
ICCNLFLNSQ
EKHY"
248,N-24-K,34,14.94146945913922,35.72685866649706,0.52821136,0.39863437,6.385729,"EASNCFAIRH
FENKFAVETL
ICFKLFLNSQ
EKHY"
249,L-25-K,34,14.8738205833889,35.27997932139135,0.51843363,0.39295128,6.502035,"EASNCFAIRH
FENKFAVETL
ICFNKFLNSQ
EKHY"
250,L-25-N,34,14.648928144243518,34.68938869041373,0.5109357,0.38275188,6.5863895,"EASNCFAIRH
FENKFAVETL
ICFNNFLNSQ
EKHY"
251,L-25-T,34,14.758459794283924,35.218262460043256,0.5176548,0.38765,6.417321,"EASNCFAIRH
FENKFAVETL
ICFNTFLNSQ
EKHY"
252,L-25-R,34,14.756777643492574,34.48668256901972,0.50753325,0.38849118,6.644844,"EASNCFAIRH
FENKFAVETL
ICFNRFLNSQ
EKHY"
253,L-25-S,34,14.730733500579225,34.94740281766152,0.5166667,0.38645506,6.470028,"EASNCFAIRH
FENKFAVETL
ICFNSFLNSQ
EKHY"
254,L-25-M,34,14.8010376722068,35.206092585640384,0.5172925,0.38764718,6.4164543,"EASNCFAIRH
FENKFAVETL
ICFNMFLNSQ
EKHY"
255,L-25-I,34,14.82253444715444,35.4294043591248,0.51858014,0.38893402,6.382863,"EASNCFAIRH
FENKFAVETL
ICFNIFLNSQ
EKHY"
256,L-25-Q,34,14.663997991002391,34.65092721620423,0.5136222,0.38286915,6.4959593,"EASNCFAIRH
FENKFAVETL
ICFNQFLNSQ
EKHY"
257,L-25-H,34,14.630243758594142,34.28124051972705,0.50655353,0.3827638,6.6555367,"EASNCFAIRH
FENKFAVETL
ICFNHFLNSQ
EKHY"
258,L-25-P,34,15.11103581973637,36.35130640522058,0.5179002,0.3978027,6.3420057,"EASNCFAIRH
FENKFAVETL
ICFNPFLNSQ
EKHY"
259,L-25-E,34,14.830447506910113,35.36960876421774,0.5155036,0.38940474,6.393509,"EASNCFAIRH
FENKFAVETL
ICFNEFLNSQ
EKHY"
260,L-25-D,34,14.797285502797003,35.21810953724405,0.51146555,0.38836288,6.4499035,"EASNCFAIRH
FENKFAVETL
ICFNDFLNSQ
EKHY"
261,L-25-A,34,14.72190290402827,35.03598126379513,0.5172684,0.3874444,6.4736586,"EASNCFAIRH
FENKFAVETL
ICFNAFLNSQ
EKHY"
262,L-25-G,34,14.67867579931237,34.91927614426434,0.52319133,0.3860053,6.494488,"EASNCFAIRH
FENKFAVETL
ICFNGFLNSQ
EKHY"
263,L-25-V,34,14.788133768367699,35.12823541793892,0.52079946,0.38788405,6.391554,"EASNCFAIRH
FENKFAVETL
ICFNVFLNSQ
EKHY"
264,L-25-Y,34,14.508254461246889,33.62135639780392,0.5100454,0.37476328,6.577405,"EASNCFAIRH
FENKFAVETL
ICFNYFLNSQ
EKHY"
265,L-25-W,34,14.299847099856738,32.76942070297018,0.5070664,0.3676107,6.584179,"EASNCFAIRH
FENKFAVETL
ICFNWFLNSQ
EKHY"
266,L-25-C,34,14.735457424867661,35.140324660320395,0.5177345,0.38788024,6.4945707,"EASNCFAIRH
FENKFAVETL
ICFNCFLNSQ
EKHY"
267,F-26-K,34,15.108772562308008,36.12546445451281,0.5360722,0.40134048,6.206354,"EASNCFAIRH
FENKFAVETL
ICFNLKLNSQ
EKHY"
268,F-26-N,34,14.927168396998212,35.7882224151997,0.5255344,0.39401612,6.2622137,"EASNCFAIRH
FENKFAVETL
ICFNLNLNSQ
EKHY"
269,F-26-T,34,15.01715790350638,35.9809329463542,0.53111756,0.3967826,6.1836395,"EASNCFAIRH
FENKFAVETL
ICFNLTLNSQ
EKHY"
270,F-26-R,34,15.048676682631578,35.75274432578213,0.5234784,0.39898455,6.275695,"EASNCFAIRH
FENKFAVETL
ICFNLRLNSQ
EKHY"
271,F-26-S,34,15.008905633177905,35.850000445667476,0.5317548,0.39670295,6.225501,"EASNCFAIRH
FENKFAVETL
ICFNLSLNSQ
EKHY"
272,F-26-M,34,15.051048376226655,36.036569041122654,0.5315591,0.39742473,6.170602,"EASNCFAIRH
FENKFAVETL
ICFNLMLNSQ
EKHY"
273,F-26-I,34,15.061408200769746,36.134709332828905,0.5342942,0.3987748,6.1770077,"EASNCFAIRH
FENKFAVETL
ICFNLILNSQ
EKHY"
274,F-26-Q,34,14.934311281928755,35.84167310414666,0.52529913,0.39341006,6.269252,"EASNCFAIRH
FENKFAVETL
ICFNLQLNSQ
EKHY"
275,F-26-H,34,14.95606802563506,35.77886353988782,0.51939785,0.39506647,6.2734337,"EASNCFAIRH
FENKFAVETL
ICFNLHLNSQ
EKHY"
276,F-26-P,34,15.22276399725639,36.49055234535546,0.52997684,0.4070874,6.2362595,"EASNCFAIRH
FENKFAVETL
ICFNLPLNSQ
EKHY"
277,F-26-L,34,15.039990667636243,36.05494202034454,0.5308397,0.39880157,6.1860647,"EASNCFAIRH
FENKFAVETL
ICFNLLLNSQ
EKHY"
278,F-26-E,34,15.065986153295297,36.04541910057532,0.5354539,0.39922512,6.147255,"EASNCFAIRH
FENKFAVETL
ICFNLELNSQ
EKHY"
279,F-26-D,34,15.046393962301497,35.96090005965721,0.5301137,0.3983081,6.196718,"EASNCFAIRH
FENKFAVETL
ICFNLDLNSQ
EKHY"
280,F-26-A,34,14.998353960032164,35.90097378526718,0.5316155,0.39655632,6.2055235,"EASNCFAIRH
FENKFAVETL
ICFNLALNSQ
EKHY"
281,F-26-G,34,14.973396959200498,35.733147964166534,0.5349574,0.3959245,6.205061,"EASNCFAIRH
FENKFAVETL
ICFNLGLNSQ
EKHY"
282,F-26-V,34,15.025682654458908,36.132621241516006,0.53362906,0.3980077,6.159214,"EASNCFAIRH
FENKFAVETL
ICFNLVLNSQ
EKHY"
283,F-26-Y,34,14.78735386209171,35.37132706039799,0.5183074,0.3874612,6.4054947,"EASNCFAIRH
FENKFAVETL
ICFNLYLNSQ
EKHY"
284,F-26-W,34,14.658620669299133,34.78811843000059,0.5075946,0.3825426,6.4593706,"EASNCFAIRH
FENKFAVETL
ICFNLWLNSQ
EKHY"
285,F-26-C,34,14.999085209053858,35.854318429434365,0.5308211,0.39661092,6.178046,"EASNCFAIRH
FENKFAVETL
ICFNLCLNSQ
EKHY"
286,L-27-K,34,14.828687504511892,35.40379396087831,0.5241013,0.39044803,6.3776493,"EASNCFAIRH
FENKFAVETL
ICFNLFKNSQ
EKHY"
287,L-27-N,34,14.636373182428079,34.99441684696886,0.5137687,0.3830875,6.555213,"EASNCFAIRH
FENKFAVETL
ICFNLFNNSQ
EKHY"
288,L-27-T,34,14.723309793781036,35.28041028564368,0.5195302,0.38657168,6.4507523,"EASNCFAIRH
FENKFAVETL
ICFNLFTNSQ
EKHY"
289,L-27-R,34,14.69036605220862,34.95551884767797,0.51010966,0.38816404,6.5268345,"EASNCFAIRH
FENKFAVETL
ICFNLFRNSQ
EKHY"
290,L-27-S,34,14.710350281651312,34.96646533968713,0.5158852,0.38623056,6.4448957,"EASNCFAIRH
FENKFAVETL
ICFNLFSNSQ
EKHY"
291,L-27-M,34,14.791721893320158,35.19394773496829,0.5186701,0.3874898,6.4323273,"EASNCFAIRH
FENKFAVETL
ICFNLFMNSQ
EKHY"
292,L-27-I,34,14.847560958349387,35.32699335069869,0.5210705,0.38841295,6.4093885,"EASNCFAIRH
FENKFAVETL
ICFNLFINSQ
EKHY"
293,L-27-Q,34,14.662535492959002,34.80628009771811,0.51422685,0.38334513,6.5726175,"EASNCFAIRH
FENKFAVETL
ICFNLFQNSQ
EKHY"
294,L-27-H,34,14.594454262749087,34.53394683563486,0.5041825,0.38440907,6.5861607,"EASNCFAIRH
FENKFAVETL
ICFNLFHNSQ
EKHY"
295,L-27-P,34,14.970989120216515,35.70968682635263,0.51457435,0.3968895,6.4705772,"EASNCFAIRH
FENKFAVETL
ICFNLFPNSQ
EKHY"
296,L-27-E,34,14.795706227343306,35.40801741055114,0.5215969,0.38993806,6.3780603,"EASNCFAIRH
FENKFAVETL
ICFNLFENSQ
EKHY"
297,L-27-D,34,14.803174420773994,35.26821816792456,0.51487535,0.3888359,6.4364557,"EASNCFAIRH
FENKFAVETL
ICFNLFDNSQ
EKHY"
298,L-27-A,34,14.716828647508908,35.06414130216668,0.5187498,0.38634604,6.4179754,"EASNCFAIRH
FENKFAVETL
ICFNLFANSQ
EKHY"
299,L-27-G,34,14.655932008447504,34.986809632811614,0.52261686,0.38519013,6.4346933,"EASNCFAIRH
FENKFAVETL
ICFNLFGNSQ
EKHY"
300,L-27-V,34,14.813336835885373,35.17091756140671,0.52090263,0.38772833,6.4774437,"EASNCFAIRH
FENKFAVETL
ICFNLFVNSQ
EKHY"
301,L-27-Y,34,14.512475130505186,33.88242063979239,0.5152338,0.37725666,6.7146826,"EASNCFAIRH
FENKFAVETL
ICFNLFYNSQ
EKHY"
302,L-27-W,34,14.30362290279005,33.27824768383007,0.5050217,0.37139416,6.799464,"EASNCFAIRH
FENKFAVETL
ICFNLFWNSQ
EKHY"
303,L-27-C,34,14.693328583891567,34.92777865190062,0.51737237,0.38645193,6.4732294,"EASNCFAIRH
FENKFAVETL
ICFNLFCNSQ
EKHY"
304,S-29-K,34,14.864807869686155,35.43892449847949,0.5246973,0.39266032,6.2862215,"EASNCFAIRH
FENKFAVETL
ICFNLFLNKQ
EKHY"
305,S-29-N,34,14.71135401129706,35.22448224734946,0.513534,0.38668358,6.507573,"EASNCFAIRH
FENKFAVETL
ICFNLFLNNQ
EKHY"
306,S-29-T,34,14.785335281142089,35.54230587157697,0.51926786,0.38971245,6.4395657,"EASNCFAIRH
FENKFAVETL
ICFNLFLNTQ
EKHY"
307,S-29-R,34,14.762264791569812,35.231352651655946,0.50583696,0.39199743,6.3989563,"EASNCFAIRH
FENKFAVETL
ICFNLFLNRQ
EKHY"
308,Q-30-K,34,14.910542908309159,35.67079994871987,0.5270575,0.39817122,6.352623,"EASNCFAIRH
FENKFAVETL
ICFNLFLNSK
EKHY"
309,Q-30-N,34,14.810912314414203,35.290533774951626,0.5187483,0.39124733,6.4835987,"EASNCFAIRH
FENKFAVETL
ICFNLFLNSN
EKHY"
310,Q-30-T,34,14.896403110210958,35.60431189603631,0.52571476,0.3937788,6.400923,"EASNCFAIRH
FENKFAVETL
ICFNLFLNST
EKHY"
311,Q-30-R,34,14.848453471413888,35.31464831018035,0.5104823,0.3960663,6.362129,"EASNCFAIRH
FENKFAVETL
ICFNLFLNSR
EKHY"
312,Q-30-S,34,14.890733844981929,35.43375570786606,0.52531755,0.3934036,6.3883896,"EASNCFAIRH
FENKFAVETL
ICFNLFLNSS
EKHY"
313,Q-30-M,34,14.934852072555065,35.44346491540886,0.525844,0.39100108,6.4016066,"EASNCFAIRH
FENKFAVETL
ICFNLFLNSM
EKHY"
314,Q-30-I,34,14.919504184343078,35.55143119206823,0.52575594,0.3953437,6.416997,"EASNCFAIRH
FENKFAVETL
ICFNLFLNSI
EKHY"
315,E-31-K,34,14.997512884636489,35.43273529573313,0.52305883,0.39051574,6.4093504,"EASNCFAIRH
FENKFAVETL
ICFNLFLNSQ
KKHY"
316,E-31-N,34,14.766834402851769,34.73003000961565,0.5142003,0.38289687,6.64785,"EASNCFAIRH
FENKFAVETL
ICFNLFLNSQ
NKHY"
317,E-31-T,34,14.832763592214569,35.358545494798264,0.5191882,0.38380873,6.450695,"EASNCFAIRH
FENKFAVETL
ICFNLFLNSQ
TKHY"
318,E-31-R,34,14.829215783272812,35.08022043940037,0.49973625,0.38597968,6.482544,"EASNCFAIRH
FENKFAVETL
ICFNLFLNSQ
RKHY"
319,E-31-S,34,14.854139419130105,35.08781375148496,0.51784754,0.3854346,6.501683,"EASNCFAIRH
FENKFAVETL
ICFNLFLNSQ
SKHY"
320,E-31-M,34,14.928715697684801,35.04446708894422,0.5177391,0.38192725,6.431533,"EASNCFAIRH
FENKFAVETL
ICFNLFLNSQ
MKHY"
321,E-31-I,34,14.902493608241459,35.38439778910896,0.520459,0.38766545,6.43384,"EASNCFAIRH
FENKFAVETL
ICFNLFLNSQ
IKHY"
322,E-31-Q,34,14.8009083829311,34.73932493539331,0.5127828,0.37893224,6.567073,"EASNCFAIRH
FENKFAVETL
ICFNLFLNSQ
QKHY"
323,E-31-H,34,14.764070670807799,34.87346881486352,0.5093568,0.38386944,6.518938,"EASNCFAIRH
FENKFAVETL
ICFNLFLNSQ
HKHY"
324,E-31-P,34,15.071812511945335,35.88151644437814,0.52660704,0.3913493,6.562583,"EASNCFAIRH
FENKFAVETL
ICFNLFLNSQ
PKHY"
325,E-31-L,34,14.880888397127102,35.39178535051825,0.5136563,0.38794193,6.4593725,"EASNCFAIRH
FENKFAVETL
ICFNLFLNSQ
LKHY"
326,H-33-K,34,14.987832871446265,35.362777285714685,0.53209597,0.40348127,6.271989,"EASNCFAIRH
FENKFAVETL
ICFNLFLNSQ
EKKY"
327,H-33-N,34,14.837160817795594,35.23152781777141,0.518442,0.39517316,6.4514256,"EASNCFAIRH
FENKFAVETL
ICFNLFLNSQ
EKNY"
328,H-33-T,34,14.92336478991959,35.55599941314292,0.5258874,0.39953285,6.4536924,"EASNCFAIRH
FENKFAVETL
ICFNLFLNSQ
EKTY"
329,H-33-R,34,14.818013493126779,35.08453286233819,0.51826674,0.39579886,6.2959824,"EASNCFAIRH
FENKFAVETL
ICFNLFLNSQ
EKRY"
330,H-33-S,34,14.942873568477454,35.444838440187254,0.5266977,0.4009998,6.4067736,"EASNCFAIRH
FENKFAVETL
ICFNLFLNSQ
EKSY"
331,H-33-M,34,14.937037478376554,35.45744762008605,0.524397,0.39993763,6.345583,"EASNCFAIRH
FENKFAVETL
ICFNLFLNSQ
EKMY"
332,H-33-I,34,14.943354580191345,35.046213189269785,0.52287394,0.4044724,6.2758675,"EASNCFAIRH
FENKFAVETL
ICFNLFLNSQ
EKIY"
333,H-33-Q,34,14.834442962591387,35.22670935938891,0.51842356,0.38542125,6.2566605,"EASNCFAIRH
FENKFAVETL
ICFNLFLNSQ
EKQY"
334,Y-34-K,34,15.085239133716295,36.266826290105904,0.53484946,0.4217621,6.4317055,"EASNCFAIRH
FENKFAVETL
ICFNLFLNSQ
EKHK"
335,Y-34-N,34,14.961292424539105,35.719212526536374,0.5307175,0.41274726,6.6185045,"EASNCFAIRH
FENKFAVETL
ICFNLFLNSQ
EKHN"
336,Y-34-T,34,15.07088385349193,36.50287236214302,0.5328368,0.41899493,7.0304165,"EASNCFAIRH
FENKFAVETL
ICFNLFLNSQ
EKHT"
337,Y-34-R,34,14.941949080645845,35.607895850366965,0.5329927,0.40763587,6.355404,"EASNCFAIRH
FENKFAVETL
ICFNLFLNSQ
EKHR"
338,Y-34-S,34,15.030902882741156,36.1084816825565,0.5340817,0.41700178,6.7800846,"EASNCFAIRH
FENKFAVETL
ICFNLFLNSQ
EKHS"
339,Y-34-M,34,14.996199138770518,36.36891755086093,0.5330359,0.42129645,6.5435915,"EASNCFAIRH
FENKFAVETL
ICFNLFLNSQ
EKHM"
340,Y-34-I,34,15.114582238470861,36.85516756572782,0.5319361,0.41975725,6.9748497,"EASNCFAIRH
FENKFAVETL
ICFNLFLNSQ
EKHI"
341,Y-34-Q,34,14.970132752540918,35.95319553099137,0.53192693,0.4042724,6.4815025,"EASNCFAIRH
FENKFAVETL
ICFNLFLNSQ
EKHQ"
342,Y-34-H,34,14.936352106194624,35.88927380092007,0.53097105,0.4219417,6.4814434,"EASNCFAIRH
FENKFAVETL
ICFNLFLNSQ
EKHH"
343,Y-34-P,34,15.23742512307918,36.33994007061721,0.52397823,0.41931987,6.835638,"EASNCFAIRH
FENKFAVETL
ICFNLFLNSQ
EKHP"
344,Y-34-L,34,15.011811166362964,36.37019376113073,0.5269082,0.41976458,6.8364983,"EASNCFAIRH
FENKFAVETL
ICFNLFLNSQ
EKHL"
345,Y-34-E,34,15.004985248688973,36.45740980414407,0.5312145,0.41714478,6.6200075,"EASNCFAIRH
FENKFAVETL
ICFNLFLNSQ
EKHE"
346,Y-34-D,34,15.074028502326668,36.36533915735933,0.52036846,0.4214262,6.668768,"EASNCFAIRH
FENKFAVETL
ICFNLFLNSQ
EKHD"
347,Y-34-A,34,14.988242982589611,36.30077793194586,0.53145415,0.41834044,6.706073,"EASNCFAIRH
FENKFAVETL
ICFNLFLNSQ
EKHA"
348,Y-34-G,34,15.019664447206218,35.95235584580296,0.5332738,0.41959825,6.766898,"EASNCFAIRH
FENKFAVETL
ICFNLFLNSQ
EKHG"
349,Y-34-V,34,15.101429487531222,36.44220371707317,0.53179234,0.41907978,6.7582245,"EASNCFAIRH
FENKFAVETL
ICFNLFLNSQ
EKHV"
350,Y-34-W,34,14.816183980365278,35.580447598115384,0.52048385,0.39045954,6.845455,"EASNCFAIRH
FENKFAVETL
ICFNLFLNSQ
EKHW"
351,Y-34-C,34,14.960413813547259,36.48593685723374,0.54282975,0.41915786,6.6961584,"EASNCFAIRH
FENKFAVETL
ICFNLFLNSQ
EKHC"
352,Y-34-F,34,14.82462253846734,35.293756275393235,0.52182,0.41895068,6.544489,"EASNCFAIRH
FENKFAVETL
ICFNLFLNSQ
EKHF"
353,H-33-P,34,15.229485649385461,35.356732664523946,0.52228826,0.40876225,6.348381,"EASNCFAIRH
FENKFAVETL
ICFNLFLNSQ
EKPY"
354,H-33-L,34,14.948758315832649,35.31505703111643,0.5195466,0.40162078,6.355438,"EASNCFAIRH
FENKFAVETL
ICFNLFLNSQ
EKLY"
355,H-33-E,34,14.887426541897119,35.46605022264545,0.5134164,0.4064174,6.202077,"EASNCFAIRH
FENKFAVETL
ICFNLFLNSQ
EKEY"
356,H-33-D,34,14.922815658049686,35.447557685598724,0.51601976,0.4001,6.0697412,"EASNCFAIRH
FENKFAVETL
ICFNLFLNSQ
EKDY"
357,H-33-A,34,14.929916836762262,35.622181620228055,0.5247151,0.40039998,6.2936907,"EASNCFAIRH
FENKFAVETL
ICFNLFLNSQ
EKAY"
358,H-33-G,34,14.90992287586871,35.606411109007325,0.52686703,0.40057135,6.2600775,"EASNCFAIRH
FENKFAVETL
ICFNLFLNSQ
EKGY"
359,H-33-V,34,14.93313099596028,35.64912383703496,0.5248984,0.39924112,6.3662453,"EASNCFAIRH
FENKFAVETL
ICFNLFLNSQ
EKVY"
360,H-33-Y,34,14.670014808047815,34.80460072734129,0.5088479,0.35519332,6.018757,"EASNCFAIRH
FENKFAVETL
ICFNLFLNSQ
EKYY"
361,H-33-W,34,14.604052253710643,33.5213004004857,0.5001951,0.35769334,5.8747444,"EASNCFAIRH
FENKFAVETL
ICFNLFLNSQ
EKWY"
362,H-33-C,34,14.937212644492018,35.458359596052276,0.5252069,0.40456304,6.214141,"EASNCFAIRH
FENKFAVETL
ICFNLFLNSQ
EKCY"
363,H-33-F,34,14.66101460621046,34.1333864162037,0.5081998,0.3728149,6.0374117,"EASNCFAIRH
FENKFAVETL
ICFNLFLNSQ
EKFY"
364,K-32-N,34,14.608733081573845,34.802281861622305,0.51166177,0.38650283,6.40298,"EASNCFAIRH
FENKFAVETL
ICFNLFLNSQ
ENHY"
365,K-32-T,34,14.702408027543061,35.24255494180198,0.5187527,0.38115567,6.4711065,"EASNCFAIRH
FENKFAVETL
ICFNLFLNSQ
ETHY"
366,K-32-R,34,14.681773181100079,35.0482845980955,0.49844438,0.39009604,6.545822,"EASNCFAIRH
FENKFAVETL
ICFNLFLNSQ
ERHY"
367,K-32-S,34,14.690145009253392,34.93572507663066,0.5151653,0.3865242,6.5241957,"EASNCFAIRH
FENKFAVETL
ICFNLFLNSQ
ESHY"
368,K-32-M,34,14.694293387733879,34.93653695767376,0.51841384,0.37891632,6.423752,"EASNCFAIRH
FENKFAVETL
ICFNLFLNSQ
EMHY"
369,K-32-I,34,14.722026632474906,34.35098165741206,0.5193616,0.3893121,6.420974,"EASNCFAIRH
FENKFAVETL
ICFNLFLNSQ
EIHY"
370,K-32-Q,34,14.558286630527796,34.51652197776809,0.5095699,0.37683466,6.354045,"EASNCFAIRH
FENKFAVETL
ICFNLFLNSQ
EQHY"
371,K-32-H,34,14.64008920644897,34.77725257001283,0.50262684,0.38391945,6.6621494,"EASNCFAIRH
FENKFAVETL
ICFNLFLNSQ
EHHY"
372,K-32-P,34,14.786258378766433,35.60865212311944,0.5209541,0.38633707,6.337081,"EASNCFAIRH
FENKFAVETL
ICFNLFLNSQ
EPHY"
373,K-32-L,34,14.727779310139871,35.144870638078835,0.5125411,0.38987958,6.4491577,"EASNCFAIRH
FENKFAVETL
ICFNLFLNSQ
ELHY"
374,K-32-E,34,14.626459614417238,35.02244064502839,0.5170097,0.3891679,6.3320475,"EASNCFAIRH
FENKFAVETL
ICFNLFLNSQ
EEHY"
375,K-32-D,34,14.635012169515077,34.86124333217002,0.51459956,0.38170946,6.2597218,"EASNCFAIRH
FENKFAVETL
ICFNLFLNSQ
EDHY"
376,K-32-A,34,14.712934676958023,35.26395579244829,0.5180756,0.38686904,6.418867,"EASNCFAIRH
FENKFAVETL
ICFNLFLNSQ
EAHY"
377,K-32-G,34,14.660359818588372,35.037493809300074,0.5185748,0.38170165,6.465891,"EASNCFAIRH
FENKFAVETL
ICFNLFLNSQ
EGHY"
378,K-32-V,34,14.695363847328375,35.26915238720703,0.51902133,0.38748723,6.4643145,"EASNCFAIRH
FENKFAVETL
ICFNLFLNSQ
EVHY"
379,K-32-Y,34,14.508467162958521,33.861111542825604,0.51077676,0.36964816,6.2248497,"EASNCFAIRH
FENKFAVETL
ICFNLFLNSQ
EYHY"
380,K-32-W,34,14.430935303757204,32.653104841473755,0.49863124,0.3684932,6.355568,"EASNCFAIRH
FENKFAVETL
ICFNLFLNSQ
EWHY"
381,K-32-C,34,14.673348525070672,34.81302538337069,0.5133041,0.38430464,6.5330257,"EASNCFAIRH
FENKFAVETL
ICFNLFLNSQ
ECHY"
382,K-32-F,34,14.485639959657721,32.60027696538177,0.50657165,0.3751334,6.3050594,"EASNCFAIRH
FENKFAVETL
ICFNLFLNSQ
EFHY"
383,E-31-D,34,14.815569508753892,35.34522452877949,0.5137233,0.38464615,6.437579,"EASNCFAIRH
FENKFAVETL
ICFNLFLNSQ
DKHY"
384,E-31-A,34,14.827416855071153,35.092028859914194,0.51854074,0.38502187,6.4743414,"EASNCFAIRH
FENKFAVETL
ICFNLFLNSQ
AKHY"
385,E-31-G,34,14.820663228174972,35.04894911716844,0.5229628,0.38372284,6.518605,"EASNCFAIRH
FENKFAVETL
ICFNLFLNSQ
GKHY"
386,E-31-V,34,14.882050610401125,35.3680795362256,0.5222553,0.3860311,6.4898167,"EASNCFAIRH
FENKFAVETL
ICFNLFLNSQ
VKHY"
387,E-31-Y,34,14.639805604166792,33.4906379890361,0.50892603,0.37340403,6.4582634,"EASNCFAIRH
FENKFAVETL
ICFNLFLNSQ
YKHY"
388,E-31-W,34,14.58149614082663,32.74335709715512,0.5036524,0.37539777,6.438513,"EASNCFAIRH
FENKFAVETL
ICFNLFLNSQ
WKHY"
389,E-31-C,34,14.835065775446367,35.17785469566195,0.51616526,0.38522312,6.5291176,"EASNCFAIRH
FENKFAVETL
ICFNLFLNSQ
CKHY"
390,E-31-F,34,14.66649480325137,33.785584362501254,0.5056715,0.37850767,6.432831,"EASNCFAIRH
FENKFAVETL
ICFNLFLNSQ
FKHY"
391,Q-30-H,34,14.825907089980735,35.275146960936205,0.5119639,0.39407957,6.517993,"EASNCFAIRH
FENKFAVETL
ICFNLFLNSH
EKHY"
392,Q-30-P,34,14.972813072148954,35.959295760472735,0.52499014,0.4013316,6.388652,"EASNCFAIRH
FENKFAVETL
ICFNLFLNSP
EKHY"
393,Q-30-L,34,14.884208212077304,35.56420997725343,0.5236295,0.39565396,6.4029455,"EASNCFAIRH
FENKFAVETL
ICFNLFLNSL
EKHY"
394,Q-30-E,34,14.82949660514046,35.527244366061694,0.5274139,0.39694923,6.376343,"EASNCFAIRH
FENKFAVETL
ICFNLFLNSE
EKHY"
395,Q-30-D,34,14.824313912454382,35.52215620746967,0.52533257,0.3943268,6.3543797,"EASNCFAIRH
FENKFAVETL
ICFNLFLNSD
EKHY"
396,Q-30-A,34,14.865883890109712,35.492536451469256,0.527505,0.39393255,6.344344,"EASNCFAIRH
FENKFAVETL
ICFNLFLNSA
EKHY"
397,Q-30-G,34,14.859235918965716,35.30681588244608,0.5279052,0.39263982,6.31359,"EASNCFAIRH
FENKFAVETL
ICFNLFLNSG
EKHY"
398,Q-30-V,34,14.8967770759654,35.6335813198058,0.52680224,0.39402783,6.3959417,"EASNCFAIRH
FENKFAVETL
ICFNLFLNSV
EKHY"
399,Q-30-Y,34,14.730716818092038,34.79533360570894,0.5041293,0.38507795,6.441203,"EASNCFAIRH
FENKFAVETL
ICFNLFLNSY
EKHY"
400,Q-30-W,34,14.611690052427731,34.46729195807943,0.49679077,0.38423273,6.380151,"EASNCFAIRH
FENKFAVETL
ICFNLFLNSW
EKHY"
401,Q-30-C,34,14.84984923950853,35.55242658047038,0.5249754,0.39263815,6.395425,"EASNCFAIRH
FENKFAVETL
ICFNLFLNSC
EKHY"
402,Q-30-F,34,14.728300637864463,34.69297820557345,0.5070425,0.38808912,6.49489,"EASNCFAIRH
FENKFAVETL
ICFNLFLNSF
EKHY"
403,S-29-M,34,14.842661867945488,35.33795096436598,0.52051586,0.38919142,6.4106073,"EASNCFAIRH
FENKFAVETL
ICFNLFLNMQ
EKHY"
404,S-29-I,34,14.842807839708373,35.38004087953864,0.5216723,0.39098933,6.3920536,"EASNCFAIRH
FENKFAVETL
ICFNLFLNIQ
EKHY"
405,S-29-Q,34,14.714620998371169,35.152586288402794,0.5136316,0.386117,6.516326,"EASNCFAIRH
FENKFAVETL
ICFNLFLNQQ
EKHY"
406,S-29-H,34,14.69527765447791,35.13019282976885,0.50516057,0.38976753,6.524335,"EASNCFAIRH
FENKFAVETL
ICFNLFLNHQ
EKHY"
407,S-29-P,34,14.970152215442637,35.73229715732,0.51812655,0.39888167,6.444813,"EASNCFAIRH
FENKFAVETL
ICFNLFLNPQ
EKHY"
408,S-29-L,34,14.805490506078447,35.462302223857456,0.5159917,0.3928675,6.4379463,"EASNCFAIRH
FENKFAVETL
ICFNLFLNLQ
EKHY"
409,S-29-E,34,14.772295136990962,35.54706038042525,0.52062535,0.39420447,6.3693123,"EASNCFAIRH
FENKFAVETL
ICFNLFLNEQ
EKHY"
410,S-29-D,34,14.776843895163935,35.55194834917102,0.5167382,0.39262185,6.376133,"EASNCFAIRH
FENKFAVETL
ICFNLFLNDQ
EKHY"
411,S-29-A,34,14.782351896350157,35.41920857903905,0.51810825,0.3894283,6.4059687,"EASNCFAIRH
FENKFAVETL
ICFNLFLNAQ
EKHY"
412,S-29-G,34,14.762594270691755,35.360961675025834,0.5217829,0.3890729,6.407317,"EASNCFAIRH
FENKFAVETL
ICFNLFLNGQ
EKHY"
413,S-29-V,34,14.83269686226582,35.57482281951885,0.5211827,0.39057145,6.4443684,"EASNCFAIRH
FENKFAVETL
ICFNLFLNVQ
EKHY"
414,S-29-Y,34,14.595427407834993,34.42255230785858,0.5071557,0.38286182,6.634844,"EASNCFAIRH
FENKFAVETL
ICFNLFLNYQ
EKHY"
415,S-29-W,34,14.43714674981981,34.006930382912145,0.50034887,0.38041976,6.7150316,"EASNCFAIRH
FENKFAVETL
ICFNLFLNWQ
EKHY"
416,S-29-C,34,14.77048508713118,35.335362398437475,0.51789856,0.3894302,6.467004,"EASNCFAIRH
FENKFAVETL
ICFNLFLNCQ
EKHY"
417,S-29-F,34,14.580970642480242,34.48264540712048,0.50790983,0.38463983,6.614888,"EASNCFAIRH
FENKFAVETL
ICFNLFLNFQ
EKHY"
418,N-28-K,34,15.018087952167052,35.64915720200934,0.53048193,0.39751452,6.298729,"EASNCFAIRH
FENKFAVETL
ICFNLFLKSQ
EKHY"
419,N-28-T,34,14.905506187385967,35.685961549158264,0.52527016,0.39176568,6.3497314,"EASNCFAIRH
FENKFAVETL
ICFNLFLTSQ
EKHY"
420,N-28-R,34,14.912148597700902,35.131035295371795,0.5135724,0.39611512,6.3396387,"EASNCFAIRH
FENKFAVETL
ICFNLFLRSQ
EKHY"
421,N-28-S,34,14.89707875094203,35.56490230047169,0.5245608,0.39158243,6.383032,"EASNCFAIRH
FENKFAVETL
ICFNLFLSSQ
EKHY"
422,N-28-M,34,14.927287954823052,35.58687591651142,0.5255064,0.39223263,6.360943,"EASNCFAIRH
FENKFAVETL
ICFNLFLMSQ
EKHY"
423,N-28-I,34,14.915364147106185,35.61878673408551,0.528352,0.39375246,6.336857,"EASNCFAIRH
FENKFAVETL
ICFNLFLISQ
EKHY"
424,N-28-Q,34,14.783359796617702,35.38426989004053,0.51668364,0.38851753,6.445319,"EASNCFAIRH
FENKFAVETL
ICFNLFLQSQ
EKHY"
425,N-28-H,34,14.832243654697242,35.25770820099679,0.5092826,0.39118338,6.4205008,"EASNCFAIRH
FENKFAVETL
ICFNLFLHSQ
EKHY"
426,N-28-P,34,15.041672818427593,36.4169075056687,0.5223453,0.40084112,6.3972836,"EASNCFAIRH
FENKFAVETL
ICFNLFLPSQ
EKHY"
427,N-28-L,34,14.904324511210225,35.57401927971935,0.52416664,0.39444998,6.3666964,"EASNCFAIRH
FENKFAVETL
ICFNLFLLSQ
EKHY"
428,N-28-E,34,14.84776114819563,35.64644351742693,0.52783555,0.39343762,6.336009,"EASNCFAIRH
FENKFAVETL
ICFNLFLESQ
EKHY"
429,N-28-D,34,14.83509636000621,35.588332853725746,0.52353907,0.39216796,6.347603,"EASNCFAIRH
FENKFAVETL
ICFNLFLDSQ
EKHY"
430,N-28-A,34,14.889759309688758,35.62500652139171,0.5245141,0.39160344,6.345537,"EASNCFAIRH
FENKFAVETL
ICFNLFLASQ
EKHY"
431,N-28-G,34,14.889873306684537,35.43177327230535,0.5273511,0.390549,6.352704,"EASNCFAIRH
FENKFAVETL
ICFNLFLGSQ
EKHY"
432,N-28-V,34,14.933717663426354,35.689206292916126,0.5258887,0.39308864,6.3859024,"EASNCFAIRH
FENKFAVETL
ICFNLFLVSQ
EKHY"
433,N-28-Y,34,14.64095391536816,34.5946683085808,0.50738,0.3837415,6.5837317,"EASNCFAIRH
FENKFAVETL
ICFNLFLYSQ
EKHY"
434,N-28-W,34,14.477265351089876,34.37482649243127,0.49204004,0.3800265,6.573251,"EASNCFAIRH
FENKFAVETL
ICFNLFLWSQ
EKHY"
435,N-28-C,34,14.883748053472397,35.724667699846506,0.52276534,0.39112857,6.376251,"EASNCFAIRH
FENKFAVETL
ICFNLFLCSQ
EKHY"
436,N-28-F,34,14.659855173350966,34.646806641869055,0.50503916,0.38487855,6.5357094,"EASNCFAIRH
FENKFAVETL
ICFNLFLFSQ
EKHY"
437,L-27-F,34,14.503253885712603,34.2064723925697,0.51026523,0.37827438,6.6903286,"EASNCFAIRH
FENKFAVETL
ICFNLFFNSQ
EKHY"
438,L-25-F,34,14.515904771829367,33.74654178165474,0.5035871,0.37555802,6.5517387,"EASNCFAIRH
FENKFAVETL
ICFNFFLNSQ
EKHY"
439,N-24-T,34,14.86431573631414,35.72244058780705,0.5253302,0.39341542,6.3272667,"EASNCFAIRH
FENKFAVETL
ICFTLFLNSQ
EKHY"
440,N-24-R,34,14.848417326024983,35.13778614185345,0.5168909,0.39370632,6.4803524,"EASNCFAIRH
FENKFAVETL
ICFRLFLNSQ
EKHY"
441,N-24-S,34,14.826438149156186,35.42014835915058,0.5246203,0.39285377,6.3413296,"EASNCFAIRH
FENKFAVETL
ICFSLFLNSQ
EKHY"
442,N-24-M,34,14.943745228432972,35.834049207502225,0.52505004,0.39424482,6.3321114,"EASNCFAIRH
FENKFAVETL
ICFMLFLNSQ
EKHY"
443,N-24-I,34,15.00130119943519,35.877178997709535,0.52581775,0.39533925,6.2665977,"EASNCFAIRH
FENKFAVETL
ICFILFLNSQ
EKHY"
444,N-24-Q,34,14.822783294254979,35.17477955719049,0.5173612,0.38957885,6.4519434,"EASNCFAIRH
FENKFAVETL
ICFQLFLNSQ
EKHY"
445,N-24-H,34,14.718877813018372,34.42988704139177,0.5133471,0.38791943,6.4693947,"EASNCFAIRH
FENKFAVETL
ICFHLFLNSQ
EKHY"
446,N-24-P,34,15.23259276262403,36.76611644912392,0.5223489,0.40477002,6.2662,"EASNCFAIRH
FENKFAVETL
ICFPLFLNSQ
EKHY"
447,N-24-L,34,14.962539440456329,35.66413251467415,0.5236554,0.39565104,6.326126,"EASNCFAIRH
FENKFAVETL
ICFLLFLNSQ
EKHY"
448,N-24-E,34,14.986398177548189,35.81189486451797,0.5227726,0.3956129,6.2662973,"EASNCFAIRH
FENKFAVETL
ICFELFLNSQ
EKHY"
449,N-24-D,34,14.947249940949495,35.71302332379002,0.5215885,0.394081,6.2678022,"EASNCFAIRH
FENKFAVETL
ICFDLFLNSQ
EKHY"
450,N-24-A,34,14.829364535450228,35.52839823809212,0.52513045,0.3933097,6.33286,"EASNCFAIRH
FENKFAVETL
ICFALFLNSQ
EKHY"
451,N-24-G,34,14.764968744701363,35.56519980482652,0.52804315,0.3918801,6.370963,"EASNCFAIRH
FENKFAVETL
ICFGLFLNSQ
EKHY"
452,N-24-V,34,14.925384761076476,35.74802596232276,0.5259475,0.39451087,6.37202,"EASNCFAIRH
FENKFAVETL
ICFVLFLNSQ
EKHY"
453,N-24-Y,34,14.671685837181041,34.24428046936438,0.50623614,0.38048512,6.401325,"EASNCFAIRH
FENKFAVETL
ICFYLFLNSQ
EKHY"
454,N-24-W,34,14.461005486911668,33.56430229162458,0.5093354,0.37096786,6.617754,"EASNCFAIRH
FENKFAVETL
ICFWLFLNSQ
EKHY"
455,N-24-C,34,14.830767254581197,35.58696488977642,0.52347493,0.39331305,6.39219,"EASNCFAIRH
FENKFAVETL
ICFCLFLNSQ
EKHY"
456,N-24-F,34,14.665493854020154,34.45267809930367,0.50849915,0.3815985,6.490596,"EASNCFAIRH
FENKFAVETL
ICFFLFLNSQ
EKHY"
457,C-22-F,34,14.611552421908439,34.48996623858101,0.4991544,0.3810869,6.2189636,"EASNCFAIRH
FENKFAVETL
IFFNLFLNSQ
EKHY"
458,I-21-Q,34,14.664723679195022,34.88025024590501,0.51048607,0.3854856,6.508209,"EASNCFAIRH
FENKFAVETL
QCFNLFLNSQ
EKHY"
459,I-21-H,34,14.653298955886498,34.550734978573985,0.5109297,0.38616797,6.2834063,"EASNCFAIRH
FENKFAVETL
HCFNLFLNSQ
EKHY"
460,I-21-P,34,15.085845264084087,36.11150121273734,0.519223,0.3989117,6.8384495,"EASNCFAIRH
FENKFAVETL
PCFNLFLNSQ
EKHY"
461,I-21-L,34,14.794886005056615,35.259779609822495,0.5172305,0.38930947,6.467885,"EASNCFAIRH
FENKFAVETL
LCFNLFLNSQ
EKHY"
462,I-21-E,34,14.78716201348906,35.38770370198651,0.5118912,0.38997462,6.3682823,"EASNCFAIRH
FENKFAVETL
ECFNLFLNSQ
EKHY"
463,I-21-D,34,14.760114140929963,35.27819707567688,0.51346016,0.388578,6.2635,"EASNCFAIRH
FENKFAVETL
DCFNLFLNSQ
EKHY"
464,I-21-A,34,14.713631170798077,35.15716285072108,0.51595145,0.38723683,6.259034,"EASNCFAIRH
FENKFAVETL
ACFNLFLNSQ
EKHY"
465,I-21-G,34,14.676195669550577,34.95458740881003,0.5171514,0.38634577,6.2373123,"EASNCFAIRH
FENKFAVETL
GCFNLFLNSQ
EKHY"
466,I-21-V,34,14.76603920429586,35.30367957485494,0.5163786,0.3880601,6.462699,"EASNCFAIRH
FENKFAVETL
VCFNLFLNSQ
EKHY"
467,I-21-Y,34,14.533515917469716,33.973123322627806,0.5046321,0.37888747,6.814543,"EASNCFAIRH
FENKFAVETL
YCFNLFLNSQ
EKHY"
468,I-21-W,34,14.339604247237753,33.215741184755124,0.5040453,0.37376305,6.498062,"EASNCFAIRH
FENKFAVETL
WCFNLFLNSQ
EKHY"
469,I-21-C,34,14.73050550658767,35.08060135619114,0.51705194,0.38701397,6.365679,"EASNCFAIRH
FENKFAVETL
CCFNLFLNSQ
EKHY"
470,I-21-F,34,14.553976988004502,34.04085422060679,0.50566703,0.3809567,6.4500437,"EASNCFAIRH
FENKFAVETL
FCFNLFLNSQ
EKHY"
471,L-20-F,34,14.579312125212406,34.320183005650435,0.5053577,0.3799855,6.4368267,"EASNCFAIRH
FENKFAVETF
ICFNLFLNSQ
EKHY"
472,T-19-R,34,14.861033456960108,34.84232539170003,0.5141575,0.38938826,6.679248,"EASNCFAIRH
FENKFAVERL
ICFNLFLNSQ
EKHY"
473,T-19-S,34,14.781122953127387,35.12261063934239,0.51652336,0.38832185,6.38054,"EASNCFAIRH
FENKFAVESL
ICFNLFLNSQ
EKHY"
474,T-19-M,34,14.860156236175529,35.29972582539163,0.5152284,0.3902658,6.5401573,"EASNCFAIRH
FENKFAVEML
ICFNLFLNSQ
EKHY"
475,T-19-I,34,14.862739241274973,35.380674814051744,0.5145156,0.3909208,6.5688314,"EASNCFAIRH
FENKFAVEIL
ICFNLFLNSQ
EKHY"
476,T-19-Q,34,14.751065281838311,34.994781081272436,0.5107523,0.38643676,6.6401587,"EASNCFAIRH
FENKFAVEQL
ICFNLFLNSQ
EKHY"
477,T-19-H,34,14.731384117579516,34.54102021020212,0.50990194,0.3849144,6.508626,"EASNCFAIRH
FENKFAVEHL
ICFNLFLNSQ
EKHY"
478,T-19-P,34,15.151944058733285,36.25273792967653,0.5174054,0.39936823,7.063017,"EASNCFAIRH
FENKFAVEPL
ICFNLFLNSQ
EKHY"
479,T-19-L,34,14.841655357885209,35.326067472659815,0.51620346,0.39084077,6.663869,"EASNCFAIRH
FENKFAVELL
ICFNLFLNSQ
EKHY"
480,T-19-E,34,14.829830254884197,35.35900148278137,0.51210725,0.38960457,6.5116806,"EASNCFAIRH
FENKFAVEEL
ICFNLFLNSQ
EKHY"
481,T-19-D,34,14.802687848231042,35.28283480711485,0.5127912,0.38926893,6.3541727,"EASNCFAIRH
FENKFAVEDL
ICFNLFLNSQ
EKHY"
482,T-19-A,34,14.780405606178348,35.26611061370994,0.51521105,0.38836205,6.3415155,"EASNCFAIRH
FENKFAVEAL
ICFNLFLNSQ
EKHY"
483,T-19-G,34,14.720687862878155,35.00033912992022,0.516805,0.38705868,6.2926416,"EASNCFAIRH
FENKFAVEGL
ICFNLFLNSQ
EKHY"
484,T-19-V,34,14.827152715690692,35.36185696850487,0.5158278,0.39052957,6.607746,"EASNCFAIRH
FENKFAVEVL
ICFNLFLNSQ
EKHY"
485,T-19-Y,34,14.618721720777028,34.12051309692444,0.50804484,0.38008705,6.6908245,"EASNCFAIRH
FENKFAVEYL
ICFNLFLNSQ
EKHY"
486,T-19-W,34,14.432133662420133,33.307024974227545,0.50921524,0.37515104,6.524166,"EASNCFAIRH
FENKFAVEWL
ICFNLFLNSQ
EKHY"
487,T-19-C,34,14.791788623268905,35.223876116981664,0.5169462,0.38892102,6.4431047,"EASNCFAIRH
FENKFAVECL
ICFNLFLNSQ
EKHY"
488,T-19-F,34,14.640249080284512,34.1537056855974,0.5070465,0.38181657,6.675517,"EASNCFAIRH
FENKFAVEFL
ICFNLFLNSQ
EKHY"
489,E-18-D,34,14.781078466494888,35.247576370445245,0.51700234,0.3889922,6.392664,"EASNCFAIRH
FENKFAVDTL
ICFNLFLNSQ
EKHY"
490,E-18-A,34,14.74267677119781,35.195791149802446,0.5199009,0.3874413,6.3654375,"EASNCFAIRH
FENKFAVATL
ICFNLFLNSQ
EKHY"
491,E-18-G,34,14.696236897491158,34.967143760832734,0.520615,0.38638324,6.3159027,"EASNCFAIRH
FENKFAVGTL
ICFNLFLNSQ
EKHY"
492,E-18-V,34,14.79134375694392,35.326162006753876,0.5219469,0.38946617,6.566126,"EASNCFAIRH
FENKFAVVTL
ICFNLFLNSQ
EKHY"
493,E-18-Y,34,14.552567317837205,34.150672253343906,0.50928295,0.37850767,6.6307373,"EASNCFAIRH
FENKFAVYTL
ICFNLFLNSQ
EKHY"
494,E-18-W,34,14.39459528583498,33.320048435891486,0.50695115,0.3720854,6.6566963,"EASNCFAIRH
FENKFAVWTL
ICFNLFLNSQ
EKHY"
495,E-18-C,34,14.745605937906385,35.17096482845374,0.5221805,0.3879022,6.5433426,"EASNCFAIRH
FENKFAVCTL
ICFNLFLNSQ
EKHY"
496,E-18-F,34,14.585392891792047,34.21282285935886,0.50783026,0.37980768,6.536605,"EASNCFAIRH
FENKFAVFTL
ICFNLFLNSQ
EKHY"
497,V-17-Y,34,14.59593761390146,34.30573875216107,0.50756055,0.37828016,6.521106,"EASNCFAIRH
FENKFAYETL
ICFNLFLNSQ
EKHY"
498,V-17-W,34,14.434388578604901,33.58639824590369,0.5032133,0.3714536,6.5324364,"EASNCFAIRH
FENKFAWETL
ICFNLFLNSQ
EKHY"
499,V-17-C,34,14.775687242718973,35.25934864557017,0.5173171,0.38853088,6.4224844,"EASNCFAIRH
FENKFACETL
ICFNLFLNSQ
EKHY"
500,V-17-F,34,14.634036244014641,34.23764083946397,0.50605327,0.37954897,6.421402,"EASNCFAIRH
FENKFAFETL
ICFNLFLNSQ
EKHY"
501,A-16-G,34,14.762277303435203,35.125104671176835,0.5170045,0.3888444,6.4423323,"EASNCFAIRH
FENKFGVETL
ICFNLFLNSQ
EKHY"
502,A-16-V,34,14.862776776871144,35.34276108150488,0.5169018,0.39090395,6.611026,"EASNCFAIRH
FENKFVVETL
ICFNLFLNSQ
EKHY"
503,A-16-Y,34,14.584543475152778,34.36396619327257,0.5052779,0.37573442,6.7973633,"EASNCFAIRH
FENKFYVETL
ICFNLFLNSQ
EKHY"
504,A-16-W,34,14.418113422146773,33.803462427936594,0.49790472,0.36341786,6.9463654,"EASNCFAIRH
FENKFWVETL
ICFNLFLNSQ
EKHY"
505,A-16-C,34,14.823278208041526,35.254474578897046,0.5169455,0.38846478,6.5492992,"EASNCFAIRH
FENKFCVETL
ICFNLFLNSQ
EKHY"
506,A-16-F,34,14.616241591015235,34.43821716332712,0.5033034,0.37691325,6.6784134,"EASNCFAIRH
FENKFFVETL
ICFNLFLNSQ
EKHY"
507,K-14-N,34,14.65523829502198,35.07785430663435,0.50954354,0.38000977,6.409546,"EASNCFAIRH
FENNFAVETL
ICFNLFLNSQ
EKHY"
508,K-14-T,34,14.757039002458503,35.48521562000872,0.5142278,0.38544205,6.364916,"EASNCFAIRH
FENTFAVETL
ICFNLFLNSQ
EKHY"
509,K-14-R,34,14.65794224815353,34.799757245228015,0.51202816,0.38127917,6.5657063,"EASNCFAIRH
FENRFAVETL
ICFNLFLNSQ
EKHY"
510,K-14-S,34,14.736547347363874,35.3765486788875,0.51333886,0.38483578,6.3124733,"EASNCFAIRH
FENSFAVETL
ICFNLFLNSQ
EKHY"
511,K-14-M,34,14.794738643086463,35.51295581578607,0.5156399,0.38542336,6.450303,"EASNCFAIRH
FENMFAVETL
ICFNLFLNSQ
EKHY"
512,K-14-I,34,14.802615557453231,35.59590392249409,0.5126932,0.38576198,6.463398,"EASNCFAIRH
FENIFAVETL
ICFNLFLNSQ
EKHY"
513,K-14-Q,34,14.65043373871214,35.07876072177151,0.5089537,0.37792748,6.461439,"EASNCFAIRH
FENQFAVETL
ICFNLFLNSQ
EKHY"
514,K-14-H,34,14.484930953952276,34.45345105454333,0.50703067,0.3777215,6.4366055,"EASNCFAIRH
FENHFAVETL
ICFNLFLNSQ
EKHY"
515,K-14-P,34,15.259101234764083,36.22950756626871,0.5198533,0.39087674,6.7576694,"EASNCFAIRH
FENPFAVETL
ICFNLFLNSQ
EKHY"
516,K-14-L,34,14.776426832984262,35.53697303650621,0.5138398,0.3871441,6.3988323,"EASNCFAIRH
FENLFAVETL
ICFNLFLNSQ
EKHY"
517,K-14-E,34,14.789650484494445,35.77476520886889,0.51152235,0.38553935,6.342662,"EASNCFAIRH
FENEFAVETL
ICFNLFLNSQ
EKHY"
518,K-14-D,34,14.781772179920411,35.70428170050406,0.5117519,0.38650584,6.3307476,"EASNCFAIRH
FENDFAVETL
ICFNLFLNSQ
EKHY"
519,K-14-A,34,14.720401480181446,35.36426480748885,0.5147017,0.3853781,6.299635,"EASNCFAIRH
FENAFAVETL
ICFNLFLNSQ
EKHY"
520,K-14-G,34,14.683402504015337,35.27530544456448,0.51409936,0.38439918,6.288661,"EASNCFAIRH
FENGFAVETL
ICFNLFLNSQ
EKHY"
521,K-14-V,34,14.767244513995115,35.53397018881256,0.5131827,0.3867664,6.379897,"EASNCFAIRH
FENVFAVETL
ICFNLFLNSQ
EKHY"
522,K-14-Y,34,14.442877184168525,34.336690326721914,0.50403875,0.3661364,6.6546907,"EASNCFAIRH
FENYFAVETL
ICFNLFLNSQ
EKHY"
523,K-14-W,34,14.227681440700554,33.78000129012269,0.49405098,0.35717458,6.6517315,"EASNCFAIRH
FENWFAVETL
ICFNLFLNSQ
EKHY"
524,K-14-C,34,14.736569590680125,35.32513881420641,0.5149385,0.38584664,6.40662,"EASNCFAIRH
FENCFAVETL
ICFNLFLNSQ
EKHY"
525,K-14-F,34,14.452359787927035,34.50861447884149,0.50129807,0.36877128,6.459811,"EASNCFAIRH
FENFFAVETL
ICFNLFLNSQ
EKHY"
526,N-13-K,34,15.001545875913932,35.81139995073142,0.5233127,0.39607722,6.5802336,"EASNCFAIRH
FEKKFAVETL
ICFNLFLNSQ
EKHY"
527,N-13-T,34,14.887244424745328,35.738319535194485,0.5204587,0.39235166,6.4817066,"EASNCFAIRH
FETKFAVETL
ICFNLFLNSQ
EKHY"
528,N-13-R,34,14.89223665903602,35.2044966276995,0.5172295,0.38941944,6.476265,"EASNCFAIRH
FERKFAVETL
ICFNLFLNSQ
EKHY"
529,N-13-S,34,14.869606865166931,35.650119225437116,0.52040374,0.39214718,6.453185,"EASNCFAIRH
FESKFAVETL
ICFNLFLNSQ
EKHY"
530,N-13-M,34,14.92499967366391,35.659561513184926,0.5214545,0.3929695,6.494607,"EASNCFAIRH
FEMKFAVETL
ICFNLFLNSQ
EKHY"
531,N-13-I,34,14.910139748202141,35.80971501952554,0.52163213,0.3928765,6.52919,"EASNCFAIRH
FEIKFAVETL
ICFNLFLNSQ
EKHY"
532,N-13-Q,34,14.80263780076948,35.312702020008544,0.5166801,0.38787597,6.476329,"EASNCFAIRH
FEQKFAVETL
ICFNLFLNSQ
EKHY"
533,N-13-H,34,14.749638929183828,34.964466221639235,0.51467717,0.38738686,6.449795,"EASNCFAIRH
FEHKFAVETL
ICFNLFLNSQ
EKHY"
534,N-13-P,34,15.198712021354615,36.34462228868768,0.52692014,0.3950575,6.6720476,"EASNCFAIRH
FEPKFAVETL
ICFNLFLNSQ
EKHY"
535,N-13-L,34,14.885352352656875,35.722120840135965,0.5221398,0.39385146,6.499467,"EASNCFAIRH
FELKFAVETL
ICFNLFLNSQ
EKHY"
536,N-13-E,34,14.892745474895221,35.884599924093195,0.518639,0.38988137,6.3886795,"EASNCFAIRH
FEEKFAVETL
ICFNLFLNSQ
EKHY"
537,N-13-D,34,14.88425964974613,35.82853008465788,0.5186574,0.39155596,6.41854,"EASNCFAIRH
FEDKFAVETL
ICFNLFLNSQ
EKHY"
538,N-13-A,34,14.867335266494976,35.655357526413816,0.52094865,0.3925672,6.473611,"EASNCFAIRH
FEAKFAVETL
ICFNLFLNSQ
EKHY"
539,N-13-G,34,14.805801912505936,35.45722240650903,0.5204547,0.3915218,6.4563694,"EASNCFAIRH
FEGKFAVETL
ICFNLFLNSQ
EKHY"
540,N-13-V,34,14.904516359812876,35.66707419324812,0.5207805,0.39338043,6.4978104,"EASNCFAIRH
FEVKFAVETL
ICFNLFLNSQ
EKHY"
541,N-13-Y,34,14.58537620930486,34.60451375643563,0.51431805,0.3786946,6.5612326,"EASNCFAIRH
FEYKFAVETL
ICFNLFLNSQ
EKHY"
542,N-13-W,34,14.441709410065439,33.75389597808965,0.5085898,0.36970726,6.4914436,"EASNCFAIRH
FEWKFAVETL
ICFNLFLNSQ
EKHY"
543,N-13-C,34,14.888850114137071,35.660201008527096,0.52280086,0.392406,6.5141544,"EASNCFAIRH
FECKFAVETL
ICFNLFLNSQ
EKHY"
544,N-13-F,34,14.646998536558897,34.63889914294245,0.51265687,0.381261,6.4404526,"EASNCFAIRH
FEFKFAVETL
ICFNLFLNSQ
EKHY"
545,E-12-D,34,14.793597282921423,35.274187717922956,0.5178131,0.38985258,6.4792557,"EASNCFAIRH
FDNKFAVETL
ICFNLFLNSQ
EKHY"
546,E-12-A,34,14.863695703873692,35.316536211647005,0.5215378,0.39071462,6.6335487,"EASNCFAIRH
FANKFAVETL
ICFNLFLNSQ
EKHY"
547,E-12-G,34,14.820549231179195,35.15898958306805,0.52048725,0.3896358,6.6539984,"EASNCFAIRH
FGNKFAVETL
ICFNLFLNSQ
EKHY"
548,E-12-V,34,14.917246487743778,35.432151408681584,0.52113056,0.39076954,6.63288,"EASNCFAIRH
FVNKFAVETL
ICFNLFLNSQ
EKHY"
549,E-12-Y,34,14.627154718050027,34.14796691000509,0.5066819,0.37199783,6.7326746,"EASNCFAIRH
FYNKFAVETL
ICFNLFLNSQ
EKHY"
550,E-12-W,34,14.442176519706672,33.58294497105599,0.5003951,0.35880655,7.0517464,"EASNCFAIRH
FWNKFAVETL
ICFNLFLNSQ
EKHY"
551,E-12-C,34,14.882738762997587,35.283279673439836,0.52132905,0.39022875,6.6962986,"EASNCFAIRH
FCNKFAVETL
ICFNLFLNSQ
EKHY"
552,E-12-F,34,14.651855920744827,34.294884013831435,0.5053674,0.37444225,6.793066,"EASNCFAIRH
FFNKFAVETL
ICFNLFLNSQ
EKHY"
553,H-10-P,34,15.539945345727205,37.04148036304613,0.54205126,0.39679235,6.264249,"EASNCFAIRP
FENKFAVETL
ICFNLFLNSQ
EKHY"
554,H-10-L,34,15.12940462833646,36.29242556669426,0.53177905,0.39719832,6.297512,"EASNCFAIRL
FENKFAVETL
ICFNLFLNSQ
EKHY"
555,H-10-E,34,15.107001438251661,36.439473350003574,0.5281767,0.39578834,6.2287817,"EASNCFAIRE
FENKFAVETL
ICFNLFLNSQ
EKHY"
556,H-10-D,34,15.09581722080008,36.37329948416203,0.52945805,0.39733124,6.268568,"EASNCFAIRD
FENKFAVETL
ICFNLFLNSQ
EKHY"
557,H-10-A,34,15.036601342322761,36.12952942055736,0.529191,0.39837664,6.2902565,"EASNCFAIRA
FENKFAVETL
ICFNLFLNSQ
EKHY"
558,H-10-G,34,15.011412176877744,35.99119823680323,0.52806526,0.39811602,6.291071,"EASNCFAIRG
FENKFAVETL
ICFNLFLNSQ
EKHY"
559,H-10-V,34,15.105084342432429,36.29793356788049,0.53076345,0.39715385,6.2500057,"EASNCFAIRV
FENKFAVETL
ICFNLFLNSQ
EKHY"
560,H-10-Y,34,14.809021632533018,35.28027960616072,0.5153455,0.382701,6.5237856,"EASNCFAIRY
FENKFAVETL
ICFNLFLNSQ
EKHY"
561,H-10-W,34,14.654783697246136,34.7316760150181,0.50490576,0.3732878,6.826886,"EASNCFAIRW
FENKFAVETL
ICFNLFLNSQ
EKHY"
562,H-10-C,34,15.060351643247907,36.12490837160658,0.5315227,0.39770177,6.3270826,"EASNCFAIRC
FENKFAVETL
ICFNLFLNSQ
EKHY"
563,H-10-F,34,14.859461132542739,35.405665179857785,0.51487976,0.38442302,6.509617,"EASNCFAIRF
FENKFAVETL
ICFNLFLNSQ
EKHY"
564,R-9-L,34,14.873858118985071,35.952572718136395,0.52494216,0.39357418,6.3151436,"EASNCFAILH
FENKFAVETL
ICFNLFLNSQ
EKHY"
565,R-9-E,34,14.846832489742223,35.96984465320394,0.5248592,0.39299047,6.2346373,"EASNCFAIEH
FENKFAVETL
ICFNLFLNSQ
EKHY"
566,R-9-D,34,14.83372839605688,35.8883034362487,0.52457017,0.3940552,6.272421,"EASNCFAIDH
FENKFAVETL
ICFNLFLNSQ
EKHY"
567,R-9-A,34,14.799126137216629,35.75595292415109,0.5239079,0.394558,6.3321333,"EASNCFAIAH
FENKFAVETL
ICFNLFLNSQ
EKHY"
568,R-9-G,34,14.770276556041342,35.57584879248085,0.5216548,0.39471865,6.3252115,"EASNCFAIGH
FENKFAVETL
ICFNLFLNSQ
EKHY"
569,R-9-V,34,14.84847154410834,35.90297846414415,0.5246995,0.39327323,6.305668,"EASNCFAIVH
FENKFAVETL
ICFNLFLNSQ
EKHY"
570,R-9-Y,34,14.54885268402358,34.51448671433129,0.51234686,0.3815708,6.378686,"EASNCFAIYH
FENKFAVETL
ICFNLFLNSQ
EKHY"
571,R-9-W,34,14.347280971758279,33.684335567349166,0.5126189,0.37391254,6.5376816,"EASNCFAIWH
FENKFAVETL
ICFNLFLNSQ
EKHY"
572,R-9-C,34,14.817970396701547,35.77353070481706,0.5237715,0.39314258,6.3423796,"EASNCFAICH
FENKFAVETL
ICFNLFLNSQ
EKHY"
573,R-9-F,34,14.576622074153512,34.70926031306791,0.5106195,0.3832025,6.3905554,"EASNCFAIFH
FENKFAVETL
ICFNLFLNSQ
EKHY"
574,I-8-Q,34,14.657769862452598,34.81688181832541,0.51042646,0.38634533,6.498891,"EASNCFAQRH
FENKFAVETL
ICFNLFLNSQ
EKHY"
575,I-8-H,34,14.564245058868066,34.45636770938651,0.50475633,0.38541278,6.610118,"EASNCFAHRH
FENKFAVETL
ICFNLFLNSQ
EKHY"
576,I-8-P,34,15.13650441684177,36.31558085890974,0.5262595,0.38616595,6.3441286,"EASNCFAPRH
FENKFAVETL
ICFNLFLNSQ
EKHY"
577,I-8-L,34,14.789772822733816,35.2970899924161,0.5155752,0.39071938,6.4773827,"EASNCFALRH
FENKFAVETL
ICFNLFLNSQ
EKHY"
578,I-8-E,34,14.723105433312995,35.23673553418826,0.51652676,0.39005256,6.334737,"EASNCFAERH
FENKFAVETL
ICFNLFLNSQ
EKHY"
579,I-8-D,34,14.703682847605597,35.15640379755408,0.51696694,0.3910374,6.3989515,"EASNCFADRH
FENKFAVETL
ICFNLFLNSQ
EKHY"
580,I-8-A,34,14.715719262110976,35.13569805054055,0.5149369,0.3917163,6.495966,"EASNCFAARH
FENKFAVETL
ICFNLFLNSQ
EKHY"
581,I-8-G,34,14.66920848783378,34.971664714860395,0.5128572,0.39227384,6.4995804,"EASNCFAGRH
FENKFAVETL
ICFNLFLNSQ
EKHY"
582,I-8-V,34,14.764401540137007,35.19650571633695,0.5151347,0.39082295,6.4602394,"EASNCFAVRH
FENKFAVETL
ICFNLFLNSQ
EKHY"
583,I-8-Y,34,14.506244221540861,34.171928522434605,0.5012361,0.37922338,6.550311,"EASNCFAYRH
FENKFAVETL
ICFNLFLNSQ
EKHY"
584,I-8-W,34,14.3005755684639,33.63235849810371,0.49298877,0.3721622,6.730297,"EASNCFAWRH
FENKFAVETL
ICFNLFLNSQ
EKHY"
585,I-8-C,34,14.743815350948319,35.13884826020435,0.51793516,0.39041296,6.494066,"EASNCFACRH
FENKFAVETL
ICFNLFLNSQ
EKHY"
586,I-8-F,34,14.531199832165262,34.32102547125337,0.50027037,0.3806237,6.577838,"EASNCFAFRH
FENKFAVETL
ICFNLFLNSQ
EKHY"
587,A-7-G,34,14.75820677656159,35.193869883361415,0.5151067,0.38953054,6.479233,"EASNCFGIRH
FENKFAVETL
ICFNLFLNSQ
EKHY"
588,A-7-V,34,14.857892978747167,35.491502137263666,0.51704496,0.38779485,6.3910866,"EASNCFVIRH
FENKFAVETL
ICFNLFLNSQ
EKHY"
589,A-7-Y,34,14.598370476616223,34.36502831162347,0.49841952,0.3762393,6.450268,"EASNCFYIRH
FENKFAVETL
ICFNLFLNSQ
EKHY"
590,A-7-W,34,14.436044315458206,33.65146272634729,0.4860133,0.36729136,6.7299194,"EASNCFWIRH
FENKFAVETL
ICFNLFLNSQ
EKHY"
591,A-7-C,34,14.797185407873881,35.379957467102706,0.51777446,0.3885824,6.4604044,"EASNCFCIRH
FENKFAVETL
ICFNLFLNSQ
EKHY"
592,A-7-F,34,14.6249303864251,34.50417137642069,0.5002852,0.37777525,6.555932,"EASNCFFIRH
FENKFAVETL
ICFNLFLNSQ
EKHY"
593,C-5-F,34,14.593379632532796,34.36825915330867,0.50304776,0.3809433,6.6651783,"EASNFFAIRH
FENKFAVETL
ICFNLFLNSQ
EKHY"
594,N-4-T,34,14.897196918559604,35.633194842185965,0.52050877,0.3905773,6.36082,"EASTCFAIRH
FENKFAVETL
ICFNLFLNSQ
EKHY"
595,N-4-R,34,14.870944244556418,35.472233864562746,0.5192111,0.38982812,6.5802402,"EASRCFAIRH
FENKFAVETL
ICFNLFLNSQ
EKHY"
596,N-4-S,34,14.8777826740958,35.5266298944503,0.5194364,0.39093268,6.394232,"EASSCFAIRH
FENKFAVETL
ICFNLFLNSQ
EKHY"
597,N-4-M,34,14.906297215320082,35.691436185370115,0.51992154,0.39034694,6.419158,"EASMCFAIRH
FENKFAVETL
ICFNLFLNSQ
EKHY"
598,N-4-I,34,14.908885781248589,35.73355390468809,0.5204385,0.3904661,6.3512096,"EASICFAIRH
FENKFAVETL
ICFNLFLNSQ
EKHY"
599,N-4-Q,34,14.794580159458187,35.30582049404393,0.5164113,0.38833907,6.4383354,"EASQCFAIRH
FENKFAVETL
ICFNLFLNSQ
EKHY"
600,N-4-H,34,14.810402108347736,35.17878891494442,0.5163327,0.38833117,6.4700813,"EASHCFAIRH
FENKFAVETL
ICFNLFLNSQ
EKHY"
601,N-4-P,34,14.986695681903022,36.05596799330654,0.52245057,0.38752764,6.2878532,"EASPCFAIRH
FENKFAVETL
ICFNLFLNSQ
EKHY"
602,N-4-L,34,14.90979775721481,35.65155948016426,0.5216318,0.39066398,6.3711195,"EASLCFAIRH
FENKFAVETL
ICFNLFLNSQ
EKHY"
603,N-4-E,34,14.887409859409932,35.79603259961772,0.51963407,0.39138156,6.313673,"EASECFAIRH
FENKFAVETL
ICFNLFLNSQ
EKHY"
604,N-4-D,34,14.888754189835746,35.75469895719753,0.5206426,0.39156651,6.3433332,"EASDCFAIRH
FENKFAVETL
ICFNLFLNSQ
EKHY"
605,N-4-A,34,14.872517959181053,35.56312005475721,0.5202696,0.39101702,6.386512,"EASACFAIRH
FENKFAVETL
ICFNLFLNSQ
EKHY"
606,N-4-G,34,14.844238362984655,35.40411092813486,0.5188345,0.39137703,6.438616,"EASGCFAIRH
FENKFAVETL
ICFNLFLNSQ
EKHY"
607,N-4-V,34,14.890320953424052,35.661288150608776,0.51878643,0.39084965,6.33951,"EASVCFAIRH
FENKFAVETL
ICFNLFLNSQ
EKHY"
608,N-4-Y,34,14.677199399196326,34.597660034616325,0.51016945,0.3842102,6.548541,"EASYCFAIRH
FENKFAVETL
ICFNLFLNSQ
EKHY"
609,N-4-W,34,14.52624235305621,33.87230549172804,0.50077176,0.37911972,6.725065,"EASWCFAIRH
FENKFAVETL
ICFNLFLNSQ
EKHY"
610,N-4-C,34,14.87388036230132,35.63378985089563,0.52022773,0.39072916,6.3977394,"EASCCFAIRH
FENKFAVETL
ICFNLFLNSQ
EKHY"
611,N-4-F,34,14.7145389761425,34.78982560452272,0.51246053,0.38547212,6.5505066,"EASFCFAIRH
FENKFAVETL
ICFNLFLNSQ
EKHY"
612,S-3-R,34,14.773846608299348,35.16800090656353,0.51459855,0.38802394,6.6223345,"EARNCFAIRH
FENKFAVETL
ICFNLFLNSQ
EKHY"
613,S-3-M,34,14.816923570630566,35.48160942236181,0.5168996,0.38835573,6.484416,"EAMNCFAIRH
FENKFAVETL
ICFNLFLNSQ
EKHY"
614,S-3-I,34,14.829243587418123,35.51179082209752,0.5187573,0.38903666,6.424323,"EAINCFAIRH
FENKFAVETL
ICFNLFLNSQ
EKHY"
615,S-3-Q,34,14.711657076480956,35.0914672161789,0.5143299,0.3872757,6.4942617,"EAQNCFAIRH
FENKFAVETL
ICFNLFLNSQ
EKHY"
616,S-3-H,34,14.727363638167462,34.86356219788901,0.51295626,0.38684326,6.515419,"EAHNCFAIRH
FENKFAVETL
ICFNLFLNSQ
EKHY"
617,S-3-P,34,14.8763326879178,35.77247136688069,0.51858383,0.38682106,6.46012,"EAPNCFAIRH
FENKFAVETL
ICFNLFLNSQ
EKHY"
618,S-3-L,34,14.821625251602752,35.41013330600935,0.5191959,0.38900235,6.4250803,"EALNCFAIRH
FENKFAVETL
ICFNLFLNSQ
EKHY"
619,S-3-E,34,14.823749488304557,35.6321355042496,0.51697105,0.38887805,6.4115515,"EAENCFAIRH
FENKFAVETL
ICFNLFLNSQ
EKHY"
620,S-3-D,34,14.819923637909685,35.542778542047266,0.51808095,0.3889791,6.4046106,"EADNCFAIRH
FENKFAVETL
ICFNLFLNSQ
EKHY"
621,S-3-A,34,14.795567206616747,35.35455838036058,0.51789147,0.38913316,6.4483786,"EAANCFAIRH
FENKFAVETL
ICFNLFLNSQ
EKHY"
622,S-3-G,34,14.779055714923471,35.23880138218492,0.5165616,0.38948554,6.481085,"EAGNCFAIRH
FENKFAVETL
ICFNLFLNSQ
EKHY"
623,S-3-V,34,14.804447850629264,35.436994890794864,0.5167243,0.3892715,6.4437504,"EAVNCFAIRH
FENKFAVETL
ICFNLFLNSQ
EKHY"
624,S-3-Y,34,14.590882820283817,34.3877331766849,0.5052137,0.3840688,6.6408787,"EAYNCFAIRH
FENKFAVETL
ICFNLFLNSQ
EKHY"
625,S-3-W,34,14.419118541999786,33.64013253713283,0.49323434,0.37959972,6.809952,"EAWNCFAIRH
FENKFAVETL
ICFNLFLNSQ
EKHY"
626,S-3-C,34,14.79430211800507,35.49233070079395,0.5184934,0.38934696,6.452427,"EACNCFAIRH
FENKFAVETL
ICFNLFLNSQ
EKHY"
627,S-3-F,34,14.623908584084901,34.53483656828483,0.508279,0.38517076,6.6332655,"EAFNCFAIRH
FENKFAVETL
ICFNLFLNSQ
EKHY"
628,A-2-G,34,14.797068630463572,35.2457607597564,0.5157069,0.38950697,6.4773865,"EGSNCFAIRH
FENKFAVETL
ICFNLFLNSQ
EKHY"
629,A-2-V,34,14.796844807093814,35.30915143065226,0.5156983,0.38923594,6.4193745,"EVSNCFAIRH
FENKFAVETL
ICFNLFLNSQ
EKHY"
630,A-2-Y,34,14.567938839572708,34.03788473788752,0.5071941,0.38430226,6.5830555,"EYSNCFAIRH
FENKFAVETL
ICFNLFLNSQ
EKHY"
631,A-2-W,34,14.42133731279565,32.89126402855455,0.50009525,0.37806714,6.598193,"EWSNCFAIRH
FENKFAVETL
ICFNLFLNSQ
EKHY"
632,A-2-C,34,14.805454360689543,35.35902650651215,0.5167849,0.39015633,6.432946,"ECSNCFAIRH
FENKFAVETL
ICFNLFLNSQ
EKHY"
633,A-2-F,34,14.609408722304916,34.151684324233244,0.50944,0.38456452,6.5672226,"EFSNCFAIRH
FENKFAVETL
ICFNLFLNSQ
EKHY"
634,E-1-D,34,14.807903905891491,35.254407848948304,0.51683795,0.38867024,6.410963,"DASNCFAIRH
FENKFAVETL
ICFNLFLNSQ
EKHY"
635,E-1-A,34,14.776294763294032,34.87695267427106,0.51735806,0.38886088,6.447487,"AASNCFAIRH
FENKFAVETL
ICFNLFLNSQ
EKHY"
636,E-1-G,34,14.741502046058397,34.718085348789806,0.5169601,0.3888789,6.460778,"GASNCFAIRH
FENKFAVETL
ICFNLFLNSQ
EKHY"
637,E-1-V,34,14.822654004979281,35.087279911894974,0.5186153,0.38869354,6.349757,"VASNCFAIRH
FENKFAVETL
ICFNLFLNSQ
EKHY"
638,E-1-Y,34,14.683907149252741,34.223157660171175,0.5112666,0.38758075,6.58325,"YASNCFAIRH
FENKFAVETL
ICFNLFLNSQ
EKHY"
639,E-1-W,34,14.560591594174126,32.96716378442608,0.5032522,0.380773,6.605171,"WASNCFAIRH
FENKFAVETL
ICFNLFLNSQ
EKHY"
640,E-1-C,34,14.781787472200334,34.99118322486912,0.5175748,0.39087874,6.3298044,"CASNCFAIRH
FENKFAVETL
ICFNLFLNSQ
EKHY"
641,E-1-F,34,14.664213473128555,34.11471871304151,0.5079275,0.38627425,6.6665516,"FASNCFAIRH
FENKFAVETL
ICFNLFLNSQ
EKHY"
