,ID,CamSol_score
0,ADan,1.0
1,E-1-K,1.0156836043706805
2,E-1-N,0.9001701051770535
3,E-1-T,0.7013213361157459
4,E-1-R,1.0282044608455994
5,E-1-S,0.8260953425574338
6,E-1-M,0.6264099906581584
7,E-1-I,0.44446949028866756
8,E-1-Q,0.7985299380463933
9,E-1-H,0.7579928518644178
10,E-1-P,0.9059866797421466
11,E-1-L,0.5581820125394472
12,A-2-K,1.2794395824522102
13,A-2-N,1.1395071597547883
14,A-2-T,0.9656396837716873
15,A-2-R,1.3189774169110573
16,A-2-S,1.067084648240155
17,A-2-M,0.9207175092140304
18,A-2-I,0.7736392747756331
19,A-2-Q,1.0435534320810929
20,A-2-H,1.0110614841909082
21,A-2-P,1.144166461394026
22,A-2-L,0.8874958751818406
23,A-2-E,1.3437704788507212
24,A-2-D,1.3166094227113652
25,S-3-K,1.2305877923973212
26,S-3-N,1.0843089593374264
27,S-3-T,0.8424040602153737
28,N-4-K,1.2174650610473088
29,C-5-K,1.62324491892118
30,C-5-N,1.497274134252955
31,C-5-T,1.2675391915821177
32,C-5-R,1.6481704398101886
33,C-5-S,1.4166507870850202
34,C-5-M,1.1997132379938744
35,C-5-I,1.0080451382917908
36,C-5-Q,1.3837080139988194
37,C-5-H,1.3352652199980481
38,C-5-P,1.502463271689572
39,C-5-L,1.1319174943414467
40,C-5-E,1.6524346884426082
41,C-5-D,1.6232263281914474
42,C-5-A,1.3187729188839987
43,C-5-G,1.4435748114202853
44,C-5-V,0.915370350574686
45,C-5-Y,1.0164737103843169
46,C-5-W,0.8901009011856238
47,F-6-K,1.5606592272763187
48,F-6-N,1.4941299770869256
49,F-6-R,1.5747974772379754
50,F-6-S,1.445956748667277
51,F-6-M,1.2790445294453923
52,F-6-I,1.1588833478186102
53,F-6-Q,1.420510687345755
54,F-6-H,1.3830921960764266
55,F-6-P,1.4961331282156154
56,F-6-L,1.2407871314968792
57,F-6-E,1.6100431769698043
58,F-6-D,1.5900372279362895
59,F-6-A,1.3703528985271496
60,F-6-G,1.4667504798732114
61,F-6-V,1.0628250472901688
62,F-6-Y,1.1652065197689174
63,F-6-W,1.0312393974744494
64,F-6-C,1.1528506560203755
65,A-7-K,1.4146360167502474
66,A-7-N,1.2434293389601274
67,A-7-T,0.9010671078866523
68,A-7-R,1.4543272247293886
69,A-7-S,1.1650856800256553
70,A-7-M,0.7717290772956066
71,A-7-I,0.488492338295509
72,A-7-Q,1.1217623082250037
73,A-7-H,1.0318482438731926
74,A-7-P,1.2474379650587237
75,A-7-L,0.6760820966624993
76,A-7-E,1.4039649378837245
77,A-7-D,1.380610333657122
78,I-8-K,1.6815872765045712
79,I-8-N,1.5062023322070448
80,I-8-T,1.2845287947165145
81,I-8-R,1.6973336245880992
82,I-8-S,1.4239453246638565
83,I-8-M,1.2190475969157981
84,R-9-K,0.9320044060029467
85,R-9-N,0.6790821756731006
86,R-9-T,0.32418049739497395
87,R-9-S,0.5545335818294208
88,R-9-M,0.217788074976413
89,R-9-I,-0.0372697654314676
90,R-9-Q,0.5036437830275933
91,R-9-H,0.4288044766477196
92,H-10-K,1.3360437068056015
93,H-10-N,1.1606634101905084
94,H-10-T,0.9215331774810491
95,H-10-R,1.3745102504636062
96,H-10-S,1.0903997471660758
97,H-10-M,0.8439285000534484
98,H-10-I,0.6908942605769633
99,H-10-Q,1.0568620707284313
100,F-11-K,1.6046727799182938
101,F-11-N,1.396384567835249
102,F-11-T,1.2110489354483387
103,F-11-R,1.6332932083416605
104,F-11-S,1.32592802598984
105,F-11-M,1.1634032189848533
106,F-11-I,1.0771608237552346
107,F-11-Q,1.2971379571576633
108,F-11-H,1.2592244877092038
109,F-11-P,1.4009160582075748
110,F-11-L,1.128171462300324
111,F-11-E,1.569097094733711
112,F-11-D,1.5383852092154247
113,F-11-A,1.247491413406705
114,F-11-G,1.3494545944664693
115,F-11-V,1.0372116694010531
116,F-11-Y,1.0801562550834027
117,F-11-W,1.018744103252913
118,F-11-C,1.074304822900061
119,E-12-K,1.0620117028643667
120,E-12-N,0.9061354055800076
121,E-12-T,0.7133611574588332
122,E-12-R,1.0720599922848473
123,E-12-S,0.8438611086581677
124,E-12-M,0.6357588038724491
125,E-12-I,0.44768801037362715
126,E-12-Q,0.8184173711778623
127,E-12-H,0.7809988799085337
128,E-12-P,0.9101440316786035
129,E-12-L,0.5752180924981758
130,F-15-K,1.49236850544476
131,F-15-N,1.3571836903528058
132,F-15-T,1.1937642044794363
133,F-15-R,1.5209912577093432
134,F-15-S,1.2998336129688932
135,F-15-M,1.1461208118571675
136,F-15-I,1.067970031743671
137,F-15-Q,1.2763999981409269
138,F-15-H,1.2419397567403014
139,F-15-P,1.3608739502047305
140,F-15-L,1.1108867313314217
141,F-15-E,1.545349761341507
142,F-15-D,1.5256877408080463
143,F-15-A,1.230209006279019
144,F-15-G,1.318984388434707
145,F-15-V,1.0372116694010531
146,F-15-Y,1.0700777557271066
147,F-15-W,1.018744103252913
148,F-15-C,1.0659599090913316
149,A-16-K,1.0564577223567468
150,A-16-N,0.9307704463169442
151,A-16-T,0.5758687680388175
152,A-16-R,1.0963394853156474
153,A-16-S,0.8062218524732643
154,A-16-M,0.8173832618364852
155,A-16-I,0.6133360599736941
156,A-16-Q,0.7553320536714367
157,A-16-H,0.6804950711327796
158,A-16-P,1.1808482949976993
159,A-16-L,0.7408661420982428
160,A-16-E,1.2225961024535115
161,A-16-D,1.194326574053848
162,V-17-K,1.7693169301127996
163,V-17-N,1.654881693243664
164,V-17-T,1.3513601442640628
165,V-17-R,1.8050994371656572
166,V-17-S,1.548363783399408
167,V-17-M,1.2628682707367973
168,V-17-I,1.1017424161441898
169,V-17-Q,1.5048428850953472
170,V-17-H,1.4408396503083738
171,V-17-P,1.6617370248325674
172,V-17-L,1.1974289020779787
173,V-17-E,1.8909537509121077
174,V-17-D,1.8694442766114678
175,V-17-A,1.419048991220528
176,V-17-G,1.5839348209015576
177,E-18-K,0.9818275616863651
178,E-18-N,0.5377484767220826
179,E-18-T,0.05004624444020989
180,E-18-R,1.0554445275863191
181,E-18-S,0.38206273441748273
182,E-18-M,-0.10516078657377499
183,E-18-I,-0.4112315893679617
184,E-18-Q,0.3184499049548942
185,E-18-H,0.2069822133193283
186,E-18-P,0.5477665562067475
187,E-18-L,-0.2199353042605305
188,T-19-K,1.6756312714664832
189,T-19-N,1.4637806107984255
190,L-20-K,2.0801957603840844
191,L-20-N,1.8224887409893058
192,L-20-T,1.2901362235721157
193,L-20-R,2.1651902528804015
194,L-20-S,1.635665850223786
195,L-20-M,1.1339043785816203
196,L-20-I,0.7768229372423442
197,L-20-Q,1.5593299901004365
198,L-20-H,1.447074516292451
199,L-20-P,1.834507647761444
200,L-20-E,2.3147038729137717
201,L-20-D,2.270913409028588
202,L-20-A,1.4088566236446196
203,L-20-G,1.6980516915240218
204,L-20-V,0.6146420587374106
205,L-20-Y,0.7915746812851772
206,L-20-W,0.5704216842271601
207,L-20-C,0.7627451071523186
208,I-21-K,2.453802036614442
209,I-21-N,2.1397418677176625
210,I-21-T,1.5381574727762002
211,I-21-R,2.5387988529519756
212,I-21-S,1.9412718847746573
213,I-21-M,1.3570814413392762
214,C-22-K,1.9652167446702702
215,C-22-N,1.5695897490716253
216,C-22-T,0.9485129740055122
217,C-22-R,2.0672101356658503
218,C-22-S,1.3516273860039691
219,C-22-I,1.0140778300900257
220,C-22-Q,1.2625708190610754
221,C-22-H,1.1316060996184254
222,C-22-P,2.163828481927487
223,C-22-L,1.237257216688898
224,C-22-E,2.1982956948517622
225,C-22-D,2.13990686044404
226,C-22-A,1.6907408870566691
227,C-22-G,2.0273725256900645
228,C-22-V,0.8518969515850922
229,C-22-Y,1.0288295741328588
230,C-22-W,0.8076765770748416
231,F-23-K,2.670932464526564
232,F-23-N,2.3346470782344384
233,F-23-R,2.755926957022881
234,F-23-S,2.1673212152760026
235,F-23-M,1.6072197098916625
236,F-23-I,1.2501382685523865
237,F-23-Q,2.090985355152653
238,F-23-H,1.971386543100283
239,F-23-P,2.3446651577191036
240,F-23-L,1.4733153313100422
241,F-23-E,2.8689469745911205
242,F-23-D,2.8105604640246145
243,F-23-A,1.9268013255190302
244,F-23-G,2.2297070565762382
245,F-23-V,1.0879550662062363
246,F-23-Y,1.264887688754003
247,F-23-W,1.0437346916959858
248,F-23-C,1.2360604384623608
249,N-24-K,1.4372144580105133
250,L-25-K,2.0303749285418826
251,L-25-N,1.6919260460771237
252,L-25-T,1.2483001101500737
253,L-25-R,2.098370522538936
254,L-25-S,1.536240303772524
255,L-25-M,1.1147745176867556
256,L-25-I,0.8087060387337854
257,L-25-Q,1.4726274743099355
258,L-25-H,1.379081246136614
259,L-25-P,1.7019441255617889
260,L-25-E,2.16339857130242
261,L-25-D,2.116687039007999
262,L-25-A,1.347235326104638
263,L-25-G,1.5882292794697925
264,L-25-V,0.6696915333169116
265,L-25-Y,0.8213500587931828
266,L-25-W,0.6289685398376099
267,L-25-C,0.7966383312960992
268,F-26-K,1.7639604761085887
269,F-26-N,1.44804588192098
270,F-26-T,1.0558000752924555
271,F-26-R,1.8221122787122201
272,F-26-S,1.310390823615804
273,F-26-M,1.3726697682200772
274,F-26-I,1.166252248316377
275,F-26-Q,1.2541468946509824
276,F-26-H,1.1714344142293447
277,F-26-P,1.8666347525806257
278,F-26-L,1.2937823304409257
279,F-26-E,1.8761648254098096
280,F-26-D,1.8362179948968447
281,F-26-A,1.5745046732446868
282,F-26-G,1.787589293598747
283,F-26-V,1.0628250472901688
284,F-26-Y,1.1746808204089032
285,F-26-W,1.0312393974744494
286,F-26-C,1.1582071100245863
287,L-27-K,1.7639767429971047
288,L-27-N,1.502914096885588
289,L-27-T,1.1772463411120047
290,L-27-R,1.8122847542073144
291,L-27-S,1.3832897225798357
292,L-27-M,1.084569229553683
293,L-27-I,0.8590520586909338
294,L-27-Q,1.3344123702715642
295,L-27-H,1.2667258471563156
296,L-27-P,1.5106129828361088
297,L-27-E,1.8487992712433947
298,L-27-D,1.8156124948294534
299,L-27-A,1.2449375119096862
300,L-27-G,1.4232365530928004
301,L-27-V,0.7577697631076264
302,L-27-Y,0.8683660142869758
303,L-27-W,0.7296791704816394
304,L-27-C,0.8501610421963088
305,S-29-K,1.289525053332156
306,S-29-N,1.092433108230581
307,S-29-T,0.8543439563861481
308,S-29-R,1.33633651079889
309,Q-30-K,1.2766835067693496
310,Q-30-N,1.103192493063334
311,Q-30-T,0.9277959295597251
312,Q-30-R,1.3165141452214852
313,Q-30-S,1.032747570424008
314,Q-30-M,0.8866011963134582
315,Q-30-I,0.7845775953820627
316,E-31-K,1.0770190694410233
317,E-31-N,0.936566106311088
318,E-31-T,0.8460687578139162
319,E-31-R,1.1222154572622363
320,E-31-S,0.9036558670019196
321,E-31-M,0.820199757390977
322,E-31-I,0.7269835146704096
323,E-31-Q,0.8909351601823751
324,E-31-H,0.8722235907064941
325,E-31-P,0.9394128118013952
326,E-31-L,0.8010722203373288
327,H-33-K,1.3677037195402513
328,H-33-N,1.1619299036535433
329,H-33-T,0.9674615752854839
330,H-33-R,1.4129001073614644
331,H-33-S,1.0791407364717585
332,H-33-M,0.9565720553446024
333,H-33-I,0.9564442440776907
334,H-33-Q,1.0453149037232585
335,Y-34-K,1.5355268845190346
336,Y-34-N,1.3614618820325246
337,Y-34-T,1.162903593123289
338,Y-34-R,1.573568165234406
339,Y-34-S,1.291779179312236
340,Y-34-M,1.1050120607359142
341,Y-34-I,0.9975622905638104
342,Y-34-Q,1.2633074767267303
343,Y-34-H,1.2214365056864396
344,Y-34-P,1.3659445717393022
345,Y-34-L,1.0622022578441261
346,Y-34-E,1.5685719066187647
347,Y-34-D,1.5424379882971357
348,Y-34-A,1.2071843875051707
349,Y-34-G,1.3150478014138252
350,Y-34-V,0.9784719349696274
351,Y-34-W,0.9784719349696274
352,Y-34-C,0.9952338016647999
353,Y-34-F,0.9784719349696274
354,H-33-P,1.1672561477219385
355,H-33-L,0.9564442440776907
356,H-33-E,1.410910899280074
357,H-33-D,1.379862056785384
358,H-33-A,0.9899470628970863
359,H-33-G,1.1067874754253793
360,H-33-V,0.9564442440776907
361,H-33-Y,0.9564442440776907
362,H-33-W,0.9564442440776907
363,H-33-C,0.9564442440776907
364,H-33-F,0.9564442440776907
365,K-32-N,0.972497339201807
366,K-32-T,0.962237580230618
367,K-32-R,1.0407671464624166
368,K-32-S,0.962237580230618
369,K-32-M,0.962237580230618
370,K-32-I,0.9432099683492827
371,K-32-Q,0.962237580230618
372,K-32-H,0.962237580230618
373,K-32-P,0.9733408935634247
374,K-32-L,0.962237580230618
375,K-32-E,1.1711369625536228
376,K-32-D,1.1400881200589328
377,K-32-A,0.962237580230618
378,K-32-G,0.9637689915923425
379,K-32-V,0.902663586802441
380,K-32-Y,0.946897904359991
381,K-32-W,0.8888762368644875
382,K-32-C,0.9396916727473845
383,K-32-F,0.8691979494425105
384,E-31-D,0.9815672914701085
385,E-31-A,0.8658562657730723
386,E-31-G,0.9140550564461032
387,E-31-V,0.6414289764408978
388,E-31-Y,0.7327791746645534
389,E-31-W,0.6088975232500313
390,E-31-C,0.7214527725749554
391,E-31-F,0.5767216177653014
392,Q-30-H,0.965542082440591
393,Q-30-P,1.1070430979592027
394,Q-30-L,0.8483414745237288
395,Q-30-E,1.3297414494262436
396,Q-30-D,1.3023782191010453
397,Q-30-A,0.9559120844390945
398,Q-30-G,1.063131794330757
399,Q-30-V,0.7382402015235103
400,Q-30-Y,0.7887907195077175
401,Q-30-W,0.7256054768289794
402,Q-30-C,0.7805550262361675
403,Q-30-F,0.7131101826074429
404,S-29-M,0.7776990253809938
405,S-29-I,0.6246647859045088
406,S-29-Q,0.9638456783524896
407,S-29-H,0.9154516850172661
408,S-29-P,1.0971063529171179
409,S-29-L,0.7203117665376161
410,S-29-E,1.3553920087748244
411,S-29-D,1.3232323701786106
412,S-29-A,0.9000329985452754
413,S-29-G,1.0311325007784868
414,S-29-V,0.55515869511668
415,S-29-Y,0.6309856340135992
416,S-29-W,0.5362054461542752
417,S-29-C,0.6186320941062738
418,S-29-F,0.5174636667425788
419,N-28-K,1.2435408833385233
420,N-28-T,0.6731656759356947
421,N-28-R,1.2949698133025969
422,N-28-S,0.8850279558098354
423,N-28-M,0.5696943219263715
424,N-28-I,0.36564944390479687
425,N-28-Q,0.8415047336645582
426,N-28-H,0.7777896551884403
427,N-28-P,1.0076988859505207
428,N-28-L,0.4931795260293455
429,N-28-E,1.3269667830136502
430,N-28-D,1.2888650824266479
431,N-28-A,0.7523133839311028
432,N-28-G,0.920598993311985
433,N-28-V,0.27297233234647544
434,N-28-Y,0.374078015997323
435,N-28-W,0.24770520679862987
436,N-28-C,0.3576043056130061
437,N-28-F,0.22271229451434044
438,L-27-F,0.69843977300719
439,L-25-F,0.5852338481416242
440,N-24-T,0.3789255487751033
441,N-24-R,1.5392078490060932
442,N-24-S,0.7820399607735603
443,N-24-M,0.19784951733817935
444,N-24-I,-0.15922960015988027
445,N-24-Q,0.6929833938306664
446,N-24-H,0.5620186743880164
447,N-24-P,1.0140243817420445
448,N-24-L,0.06394746259777562
449,N-24-E,1.651974567881726
450,N-24-D,1.5819107552019185
451,N-24-A,0.5174334568067633
452,N-24-G,0.8548249915179796
453,N-24-V,-0.3214128025060304
454,N-24-Y,-0.14448017995826382
455,N-24-W,-0.36563317701628084
456,N-24-C,-0.1733074302499059
457,N-24-F,-0.40936786871226666
458,C-22-F,0.7639418853788559
459,I-21-Q,1.8522153178317633
460,I-21-H,1.7212482745478968
461,I-21-P,2.151760774489801
462,I-21-L,1.2231793865988725
463,I-21-E,2.6678324603436496
464,I-21-D,2.621123251890445
465,I-21-A,1.6766630569666436
466,I-21-G,2.0140569155190766
467,I-21-V,0.8378191214950665
468,I-21-Y,1.014751744042833
469,I-21-W,0.793598746984816
470,I-21-C,0.9859221699099744
471,I-21-F,0.7498640552888303
472,L-20-F,0.5266869925311743
473,T-19-R,1.7574676637494713
474,T-19-S,1.3080948684938256
475,T-19-M,0.8447952928272318
476,T-19-I,0.538724490033045
477,T-19-Q,1.2444820390312372
478,T-19-H,1.1509358108579157
479,T-19-P,1.4737986902830904
480,T-19-L,0.7300207751404761
481,T-19-E,1.9489847137724774
482,T-19-D,1.9022755053192726
483,T-19-A,1.1187227239137205
484,T-19-G,1.360083844191094
485,T-19-V,0.3997123084573877
486,T-19-Y,0.5513685100924425
487,T-19-W,0.3618081343737945
488,T-19-C,0.5266591064365754
489,T-19-F,0.3191447334786509
490,E-18-D,0.941613489433494
491,E-18-A,0.16876664451271373
492,E-18-G,0.4340517101147513
493,E-18-V,-0.550243770943619
494,E-18-Y,-0.3985875693085643
495,E-18-W,-0.5881479450272122
496,E-18-C,-0.4232969729644313
497,E-18-F,-0.6277601424049898
498,V-17-Y,1.1080655880944967
499,V-17-W,0.9684143501842806
500,V-17-C,1.0957097243459548
501,V-17-F,0.9371772765510478
502,A-16-G,1.128633906702423
503,A-16-V,0.505014849345374
504,A-16-Y,0.6217646320662202
505,A-16-W,0.46711067526178074
506,A-16-C,0.6052909216819033
507,A-16-F,0.42962479259717146
508,K-14-N,0.9473278149850578
509,K-14-T,0.7547487695260758
510,K-14-R,1.0290944920315486
511,K-14-S,0.8850535180632177
512,K-14-M,0.6512774155167526
513,K-14-I,0.4472302136539615
514,K-14-Q,0.8596074567416958
515,K-14-H,0.8221889654723673
516,K-14-P,0.9513341172424371
517,K-14-L,0.5747602957785101
518,K-14-E,1.0620117028643667
519,K-14-D,1.0547125176030971
520,K-14-A,0.8094519917643067
521,K-14-G,0.9058495731103686
522,K-14-V,0.35455542593685657
523,K-14-Y,0.4556611095877041
524,K-14-W,0.32928597654779446
525,K-14-C,0.43918739920338723
526,K-14-F,0.3042953881047216
527,N-13-K,1.0594670967322144
528,N-13-T,0.9112757423510767
529,N-13-R,1.0809324180497395
530,N-13-S,0.96886285153908
531,N-13-M,0.5968925595251927
532,N-13-I,0.39284768150361826
533,N-13-Q,0.9561421447195356
534,N-13-H,0.9374328990848713
535,N-13-P,1.0020054749699063
536,N-13-L,0.5203777636281668
537,N-13-E,1.0600248186241932
538,N-13-D,1.0452777222637932
539,N-13-A,0.9310632503102328
540,N-13-G,0.9792620409832637
541,N-13-V,0.29210219324134024
542,N-13-Y,0.4012762535961443
543,N-13-W,0.254198019157747
544,N-13-C,0.7211785593113993
545,N-13-F,0.21671213649313772
546,E-12-D,0.9766453957733976
547,E-12-A,0.7682595823592565
548,E-12-G,0.8646571637053184
549,E-12-V,0.3550132226565223
550,E-12-Y,0.45611890630736984
551,E-12-W,0.3297437732674602
552,E-12-C,0.43964519592305296
553,E-12-F,0.3026268701112191
554,H-10-P,1.1643536700424335
555,H-10-L,0.7865412412100706
556,H-10-E,1.2781359075297103
557,H-10-D,1.256628757070287
558,H-10-A,0.980893377517301
559,H-10-G,1.1155715952240417
560,H-10-V,0.6117721148349377
561,H-10-Y,0.6972174325272703
562,H-10-W,0.5865026654458755
563,H-10-C,0.6848615687787285
564,H-10-F,0.5615120770028026
565,R-9-L,0.12214341818452229
566,R-9-E,1.0889426987232818
567,R-9-D,1.0519285558256377
568,R-9-A,0.4033282053903821
569,R-9-G,0.5961233680825057
570,R-9-V,-0.15666872713921204
571,R-9-Y,-0.026733469355505877
572,R-9-W,-0.19457057738158867
573,R-9-C,-0.047325026375597816
574,R-9-F,-0.23205646004619798
575,I-8-Q,1.39314513317934
576,I-8-H,1.347851144027031
577,I-8-P,1.5118957431876596
578,I-8-L,1.1536082282569797
579,I-8-E,1.645172684640804
580,I-8-D,1.623663210340164
581,I-8-A,1.3324324575550401
582,I-8-G,1.4491171727218224
583,I-8-V,0.8841565153536189
584,I-8-Y,1.0105362960759618
585,I-8-W,0.8525708655378995
586,I-8-C,0.9899447390558699
587,I-8-F,0.8213314680634501
588,A-7-G,1.1962809245169896
589,A-7-V,0.34947783287863504
590,A-7-Y,0.5011340345136898
591,A-7-W,0.3115736587950419
592,A-7-C,0.4764246308578228
593,A-7-F,0.27408777613043256
594,C-5-F,0.8651103127425509
595,N-4-T,0.6271838297832786
596,N-4-R,1.2570028955061558
597,N-4-S,0.8836522418096217
598,N-4-M,0.4847951069199344
599,N-4-I,0.22123433150059724
600,N-4-Q,0.8361134220420987
601,N-4-H,0.7662053067238022
602,N-4-P,1.0074874163998122
603,N-4-L,0.38596213997889955
604,N-4-E,1.2733720330357268
605,N-4-D,1.2345336747830695
606,N-4-A,0.741953699787601
607,N-4-G,0.9225068669507951
608,N-4-V,0.10152862275226458
609,N-4-Y,0.23212152760026214
610,N-4-W,0.06889027286543566
611,N-4-C,0.2108444374212799
612,N-4-F,0.03072582856558577
613,S-3-R,1.2701256268561683
614,S-3-M,0.7417468779193255
615,S-3-I,0.5165782832390629
616,S-3-Q,0.9651842108932381
617,S-3-H,0.9139830173683894
618,S-3-P,1.0877877496386428
619,S-3-L,0.6494206663847073
620,S-3-E,1.2928434985894286
621,S-3-D,1.2656824424500723
622,S-3-A,0.8965542082440592
623,S-3-G,1.0284554356969897
624,S-3-V,0.4200412714200064
625,S-3-Y,0.525357755355292
626,S-3-W,0.3937191219598347
627,S-3-C,0.5081985118120849
628,S-3-F,0.36768745265173525
629,A-2-G,1.0912688637810757
630,A-2-V,0.6973801014124307
631,A-2-Y,0.7818633488411004
632,A-2-W,0.677376476220133
633,A-2-C,0.7657893391460349
634,A-2-F,0.6575912921021932
635,E-1-D,0.9913994636574472
636,E-1-A,0.744191558879165
637,E-1-G,0.8486226593109346
638,E-1-V,0.3618336966271769
639,E-1-Y,0.45198479278307874
640,E-1-W,0.33909491032296746
641,E-1-C,0.4372957924530933
642,E-1-F,0.30587792397321073
