,ID,Amypred_score
0,ADan,0.0
1,E-1-K,0.009865415138686398
2,E-1-N,0.008003485247511181
3,E-1-T,0.013565497003496942
4,E-1-R,0.012181657865867154
5,E-1-S,0.014025798564237532
6,E-1-M,0.016320016693461198
7,E-1-I,0.010329653004273846
8,E-1-Q,0.00940068049626199
9,E-1-H,0.01264342769342549
10,E-1-P,0.013104707059045944
11,E-1-L,0.011256642645232968
12,A-2-K,0.014485612775431502
13,A-2-N,0.014485612775431502
14,A-2-T,0.01494494066796131
15,A-2-R,0.014485612775431502
16,A-2-S,0.014485612775431502
17,A-2-M,0.01905717584991492
18,A-2-I,0.015403783269441959
19,A-2-Q,0.01586214160423479
20,A-2-H,0.01769075265064285
21,A-2-P,0.014025798564237532
22,A-2-L,0.013565497003496942
23,A-2-E,0.015403783269441959
24,A-2-D,0.01494494066796131
25,S-3-K,0.01494494066796131
26,S-3-N,0.00940068049626199
27,S-3-T,0.007069518259810335
28,N-4-K,0.012181657865867154
29,C-5-K,0.01264342769342549
30,C-5-N,0.01264342769342549
31,C-5-T,0.01586214160423479
32,C-5-R,0.01586214160423479
33,C-5-S,0.014025798564237532
34,C-5-M,0.0186021789702637
35,C-5-I,0.018146704904495
36,C-5-Q,0.012181657865867154
37,C-5-H,0.018146704904495
38,C-5-P,0.01905717584991492
39,C-5-L,0.0186021789702637
40,C-5-E,0.013565497003496942
41,C-5-D,0.013104707059045944
42,C-5-A,0.015403783269441959
43,C-5-G,0.01586214160423479
44,C-5-V,0.012181657865867154
45,C-5-Y,0.016320016693461198
46,C-5-W,0.014485612775431502
47,F-6-K,0.012181657865867154
48,F-6-N,0.011256642645232968
49,F-6-R,0.014485612775431502
50,F-6-S,0.014025798564237532
51,F-6-M,0.016777409555016286
52,F-6-I,0.010793395153946873
53,F-6-Q,0.011719396532279424
54,F-6-H,0.014485612775431502
55,F-6-P,0.01264342769342549
56,F-6-L,0.011256642645232968
57,F-6-E,0.01264342769342549
58,F-6-D,0.013565497003496942
59,F-6-A,0.011719396532279424
60,F-6-G,0.011256642645232968
61,F-6-V,0.011256642645232968
62,F-6-Y,0.017234321203582443
63,F-6-W,0.007536752820103681
64,F-6-C,0.010793395153946873
65,A-7-K,0.01494494066796131
66,A-7-N,0.013565497003496942
67,A-7-T,0.017234321203582443
68,A-7-R,0.01494494066796131
69,A-7-S,0.016320016693461198
70,A-7-M,0.02087241143683215
71,A-7-I,0.01769075265064285
72,A-7-Q,0.014485612775431502
73,A-7-H,0.014025798564237532
74,A-7-P,0.016320016693461198
75,A-7-L,0.01769075265064285
76,A-7-E,0.018146704904495
77,A-7-D,0.017234321203582443
78,I-8-K,0.014485612775431502
79,I-8-N,0.008003485247511181
80,I-8-T,0.014485612775431502
81,I-8-R,0.01769075265064285
82,I-8-S,0.016320016693461198
83,I-8-M,0.02041931334471297
84,R-9-K,0.007069518259810335
85,R-9-N,0.010793395153946873
86,R-9-T,0.012181657865867154
87,R-9-S,0.013104707059045944
88,R-9-M,0.01586214160423479
89,R-9-I,0.00940068049626199
90,R-9-Q,0.011719396532279424
91,R-9-H,0.007536752820103681
92,H-10-K,0.012181657865867154
93,H-10-N,0.01264342769342549
94,H-10-T,0.016320016693461198
95,H-10-R,0.014485612775431502
96,H-10-S,0.011719396532279424
97,H-10-M,0.013565497003496942
98,H-10-I,0.01905717584991492
99,H-10-Q,0.013104707059045944
100,F-11-K,0.013104707059045944
101,F-11-N,0.012181657865867154
102,F-11-T,0.016777409555016286
103,F-11-R,0.015403783269441959
104,F-11-S,0.016777409555016286
105,F-11-M,0.01769075265064285
106,F-11-I,0.009865415138686398
107,F-11-Q,0.014025798564237532
108,F-11-H,0.016777409555016286
109,F-11-P,0.012181657865867154
110,F-11-L,0.00940068049626199
111,F-11-E,0.014025798564237532
112,F-11-D,0.015403783269441959
113,F-11-A,0.013104707059045944
114,F-11-G,0.012181657865867154
115,F-11-V,0.008935448012668486
116,F-11-Y,0.016777409555016286
117,F-11-W,0.011256642645232968
118,F-11-C,0.008935448012668486
119,E-12-K,0.011256642645232968
120,E-12-N,0.008469716620149913
121,E-12-T,0.015403783269441959
122,E-12-R,0.01586214160423479
123,E-12-S,0.015403783269441959
124,E-12-M,0.016777409555016286
125,E-12-I,0.010329653004273846
126,E-12-Q,0.010793395153946873
127,E-12-H,0.012181657865867154
128,E-12-P,0.01494494066796131
129,E-12-L,0.011256642645232968
130,F-15-K,0.011256642645232968
131,F-15-N,0.011256642645232968
132,F-15-T,0.016320016693461198
133,F-15-R,0.013565497003496942
134,F-15-S,0.017234321203582443
135,F-15-M,0.0186021789702637
136,F-15-I,0.011256642645232968
137,F-15-Q,0.013104707059045944
138,F-15-H,0.01586214160423479
139,F-15-P,0.01264342769342549
140,F-15-L,0.010793395153946873
141,F-15-E,0.011719396532279424
142,F-15-D,0.011719396532279424
143,F-15-A,0.013104707059045944
144,F-15-G,0.012181657865867154
145,F-15-V,0.010329653004273846
146,F-15-Y,0.01905717584991492
147,F-15-W,0.012181657865867154
148,F-15-C,0.007536752820103681
149,A-16-K,0.01494494066796131
150,A-16-N,0.014025798564237532
151,A-16-T,0.01586214160423479
152,A-16-R,0.015403783269441959
153,A-16-S,0.01494494066796131
154,A-16-M,0.019511696542268645
155,A-16-I,0.017234321203582443
156,A-16-Q,0.014485612775431502
157,A-16-H,0.014485612775431502
158,A-16-P,0.01586214160423479
159,A-16-L,0.017234321203582443
160,A-16-E,0.01586214160423479
161,A-16-D,0.015403783269441959
162,V-17-K,0.014485612775431502
163,V-17-N,0.011719396532279424
164,V-17-T,0.017234321203582443
165,V-17-R,0.016320016693461198
166,V-17-S,0.016777409555016286
167,V-17-M,0.02041931334471297
168,V-17-I,0.01494494066796131
169,V-17-Q,0.012181657865867154
170,V-17-H,0.013565497003496942
171,V-17-P,0.01586214160423479
172,V-17-L,0.014485612775431502
173,V-17-E,0.014485612775431502
174,V-17-D,0.01586214160423479
175,V-17-A,0.012181657865867154
176,V-17-G,0.011719396532279424
177,E-18-K,0.01264342769342549
178,E-18-N,0.008935448012668486
179,E-18-T,0.015403783269441959
180,E-18-R,0.016320016693461198
181,E-18-S,0.01586214160423479
182,E-18-M,0.01996574204301213
183,E-18-I,0.011719396532279424
184,E-18-Q,0.010793395153946873
185,E-18-H,0.014485612775431502
186,E-18-P,0.015403783269441959
187,E-18-L,0.01264342769342549
188,T-19-K,0.017234321203582443
189,T-19-N,0.013104707059045944
190,L-20-K,0.011719396532279424
191,L-20-N,0.011256642645232968
192,L-20-T,0.01264342769342549
193,L-20-R,0.013104707059045944
194,L-20-S,0.011719396532279424
195,L-20-M,0.01586214160423479
196,L-20-I,0.007069518259810335
197,L-20-Q,0.011719396532279424
198,L-20-H,0.013565497003496942
199,L-20-P,0.01264342769342549
200,L-20-E,0.014025798564237532
201,L-20-D,0.013104707059045944
202,L-20-A,0.01264342769342549
203,L-20-G,0.011719396532279424
204,L-20-V,0.008935448012668486
205,L-20-Y,0.014025798564237532
206,L-20-W,0.009865415138686398
207,L-20-C,0.006601780485030642
208,I-21-K,0.012181657865867154
209,I-21-N,0.009865415138686398
210,I-21-T,0.011719396532279424
211,I-21-R,0.013104707059045944
212,I-21-S,0.01264342769342549
213,I-21-M,0.017234321203582443
214,C-22-K,0.012181657865867154
215,C-22-N,0.012181657865867154
216,C-22-T,0.01494494066796131
217,C-22-R,0.015403783269441959
218,C-22-S,0.013565497003496942
219,C-22-I,0.014485612775431502
220,C-22-Q,0.012181657865867154
221,C-22-H,0.013104707059045944
222,C-22-P,0.01494494066796131
223,C-22-L,0.01494494066796131
224,C-22-E,0.013104707059045944
225,C-22-D,0.013104707059045944
226,C-22-A,0.014025798564237532
227,C-22-G,0.014025798564237532
228,C-22-V,0.012181657865867154
229,C-22-Y,0.014485612775431502
230,C-22-W,0.011719396532279424
231,F-23-K,0.007069518259810335
232,F-23-N,0.008469716620149913
233,F-23-R,0.010329653004273846
234,F-23-S,0.010793395153946873
235,F-23-M,0.014025798564237532
236,F-23-I,0.010793395153946873
237,F-23-Q,0.007069518259810335
238,F-23-H,0.012181657865867154
239,F-23-P,0.012181657865867154
240,F-23-L,0.011256642645232968
241,F-23-E,0.008935448012668486
242,F-23-D,0.010329653004273846
243,F-23-A,0.008469716620149913
244,F-23-G,0.008003485247511181
245,F-23-V,0.0061335384106656655
246,F-23-Y,0.012181657865867154
247,F-23-W,0.005664790948102924
248,F-23-C,0.006601780485030642
249,N-24-K,0.010329653004273846
250,L-25-K,0.011256642645232968
251,L-25-N,0.007069518259810335
252,L-25-T,0.012181657865867154
253,L-25-R,0.014025798564237532
254,L-25-S,0.011256642645232968
255,L-25-M,0.01264342769342549
256,L-25-I,0.007069518259810335
257,L-25-Q,0.0061335384106656655
258,L-25-H,0.011256642645232968
259,L-25-P,0.011719396532279424
260,L-25-E,0.006601780485030642
261,L-25-D,0.008935448012668486
262,L-25-A,0.010793395153946873
263,L-25-G,0.010329653004273846
264,L-25-V,0.005664790948102924
265,L-25-Y,0.011256642645232968
266,L-25-W,0.007069518259810335
267,L-25-C,0.007536752820103681
268,F-26-K,0.011719396532279424
269,F-26-N,0.011256642645232968
270,F-26-T,0.01264342769342549
271,F-26-R,0.01264342769342549
272,F-26-S,0.011719396532279424
273,F-26-M,0.014485612775431502
274,F-26-I,0.010793395153946873
275,F-26-Q,0.011256642645232968
276,F-26-H,0.011719396532279424
277,F-26-P,0.012181657865867154
278,F-26-L,0.009865415138686398
279,F-26-E,0.011719396532279424
280,F-26-D,0.011719396532279424
281,F-26-A,0.011719396532279424
282,F-26-G,0.012181657865867154
283,F-26-V,0.010793395153946873
284,F-26-Y,0.012181657865867154
285,F-26-W,0.008469716620149913
286,F-26-C,0.009865415138686398
287,L-27-K,0.00940068049626199
288,L-27-N,0.007536752820103681
289,L-27-T,0.012181657865867154
290,L-27-R,0.01264342769342549
291,L-27-S,0.012181657865867154
292,L-27-M,0.013565497003496942
293,L-27-I,0.007536752820103681
294,L-27-Q,0.006601780485030642
295,L-27-H,0.011719396532279424
296,L-27-P,0.011719396532279424
297,L-27-E,0.006601780485030642
298,L-27-D,0.008935448012668486
299,L-27-A,0.011719396532279424
300,L-27-G,0.011256642645232968
301,L-27-V,0.007069518259810335
302,L-27-Y,0.01264342769342549
303,L-27-W,0.007536752820103681
304,L-27-C,0.0061335384106656655
305,S-29-K,0.01264342769342549
306,S-29-N,0.011256642645232968
307,S-29-T,0.008469716620149913
308,S-29-R,0.014485612775431502
309,Q-30-K,0.012181657865867154
310,Q-30-N,0.0061335384106656655
311,Q-30-T,0.015403783269441959
312,Q-30-R,0.014025798564237532
313,Q-30-S,0.01586214160423479
314,Q-30-M,0.01905717584991492
315,Q-30-I,0.012181657865867154
316,E-31-K,0.005664790948102924
317,E-31-N,0.007069518259810335
318,E-31-T,0.015403783269441959
319,E-31-R,0.009865415138686398
320,E-31-S,0.015403783269441959
321,E-31-M,0.01905717584991492
322,E-31-I,0.007069518259810335
323,E-31-Q,0.007069518259810335
324,E-31-H,0.009865415138686398
325,E-31-P,0.01264342769342549
326,E-31-L,0.008935448012668486
327,H-33-K,0.011719396532279424
328,H-33-N,0.012181657865867154
329,H-33-T,0.016777409555016286
330,H-33-R,0.012181657865867154
331,H-33-S,0.010793395153946873
332,H-33-M,0.013565497003496942
333,H-33-I,0.015403783269441959
334,H-33-Q,0.013104707059045944
335,Y-34-K,0.011256642645232968
336,Y-34-N,0.009865415138686398
337,Y-34-T,0.009865415138686398
338,Y-34-R,0.011719396532279424
339,Y-34-S,0.011256642645232968
340,Y-34-M,0.00940068049626199
341,Y-34-I,0.010793395153946873
342,Y-34-Q,0.010793395153946873
343,Y-34-H,0.008469716620149913
344,Y-34-P,0.010793395153946873
345,Y-34-L,0.010329653004273846
346,Y-34-E,0.009865415138686398
347,Y-34-D,0.011256642645232968
348,Y-34-A,0.01264342769342549
349,Y-34-G,0.012181657865867154
350,Y-34-V,0.008003485247511181
351,Y-34-W,0.008935448012668486
352,Y-34-C,0.007069518259810335
353,Y-34-F,0.008469716620149913
354,H-33-P,0.013104707059045944
355,H-33-L,0.014485612775431502
356,H-33-E,0.014025798564237532
357,H-33-D,0.014485612775431502
358,H-33-A,0.011719396532279424
359,H-33-G,0.013565497003496942
360,H-33-V,0.012181657865867154
361,H-33-Y,0.016777409555016286
362,H-33-W,0.012181657865867154
363,H-33-C,0.012181657865867154
364,H-33-F,0.013104707059045944
365,K-32-N,0.002369315652279812
366,K-32-T,0.006601780485030642
367,K-32-R,0.011256642645232968
368,K-32-S,0.007069518259810335
369,K-32-M,0.010793395153946873
370,K-32-I,0.004725775486275306
371,K-32-Q,0.004255505292080669
372,K-32-H,0.005664790948102924
373,K-32-P,0.008003485247511181
374,K-32-L,0.005195537005201206
375,K-32-E,0.005195537005201206
376,K-32-D,0.008469716620149913
377,K-32-A,0.010793395153946873
378,K-32-G,0.008935448012668486
379,K-32-V,0.002369315652279812
380,K-32-Y,0.005664790948102924
381,K-32-W,0.002841631611723809
382,K-32-C,0.00047489833261685124
383,K-32-F,0.0018964854674109895
384,E-31-D,0.00940068049626199
385,E-31-A,0.011256642645232968
386,E-31-G,0.010793395153946873
387,E-31-V,0.004255505292080669
388,E-31-Y,0.013104707059045944
389,E-31-W,0.007069518259810335
390,E-31-C,0.007069518259810335
391,E-31-F,0.0061335384106656655
392,Q-30-H,0.013104707059045944
393,Q-30-P,0.014485612775431502
394,Q-30-L,0.011719396532279424
395,Q-30-E,0.012181657865867154
396,Q-30-D,0.01264342769342549
397,Q-30-A,0.016777409555016286
398,Q-30-G,0.014485612775431502
399,Q-30-V,0.013104707059045944
400,Q-30-Y,0.016320016693461198
401,Q-30-W,0.00940068049626199
402,Q-30-C,0.008469716620149913
403,Q-30-F,0.011256642645232968
404,S-29-M,0.010329653004273846
405,S-29-I,0.011719396532279424
406,S-29-Q,0.01264342769342549
407,S-29-H,0.011719396532279424
408,S-29-P,0.014025798564237532
409,S-29-L,0.012181657865867154
410,S-29-E,0.012181657865867154
411,S-29-D,0.012181657865867154
412,S-29-A,0.012181657865867154
413,S-29-G,0.012181657865867154
414,S-29-V,0.008935448012668486
415,S-29-Y,0.012181657865867154
416,S-29-W,0.011256642645232968
417,S-29-C,0.008003485247511181
418,S-29-F,0.011719396532279424
419,N-28-K,0.012181657865867154
420,N-28-T,0.015403783269441959
421,N-28-R,0.014025798564237532
422,N-28-S,0.014485612775431502
423,N-28-M,0.01769075265064285
424,N-28-I,0.013565497003496942
425,N-28-Q,0.008469716620149913
426,N-28-H,0.01264342769342549
427,N-28-P,0.017234321203582443
428,N-28-L,0.013104707059045944
429,N-28-E,0.010329653004273846
430,N-28-D,0.010793395153946873
431,N-28-A,0.014025798564237532
432,N-28-G,0.013104707059045944
433,N-28-V,0.009865415138686398
434,N-28-Y,0.01586214160423479
435,N-28-W,0.010329653004273846
436,N-28-C,0.007069518259810335
437,N-28-F,0.014485612775431502
438,L-27-F,0.006601780485030642
439,L-25-F,0.0061335384106656655
440,N-24-T,0.01586214160423479
441,N-24-R,0.01494494066796131
442,N-24-S,0.01494494066796131
443,N-24-M,0.0186021789702637
444,N-24-I,0.015403783269441959
445,N-24-Q,0.008469716620149913
446,N-24-H,0.010793395153946873
447,N-24-P,0.017234321203582443
448,N-24-L,0.014025798564237532
449,N-24-E,0.010793395153946873
450,N-24-D,0.011719396532279424
451,N-24-A,0.011256642645232968
452,N-24-G,0.011256642645232968
453,N-24-V,0.009865415138686398
454,N-24-Y,0.01494494066796131
455,N-24-W,0.009865415138686398
456,N-24-C,0.011256642645232968
457,N-24-F,0.013565497003496942
458,C-22-F,0.013104707059045944
459,I-21-Q,0.00940068049626199
460,I-21-H,0.012181657865867154
461,I-21-P,0.011719396532279424
462,I-21-L,0.007536752820103681
463,I-21-E,0.00940068049626199
464,I-21-D,0.010793395153946873
465,I-21-A,0.009865415138686398
466,I-21-G,0.010329653004273846
467,I-21-V,0.008469716620149913
468,I-21-Y,0.014485612775431502
469,I-21-W,0.008469716620149913
470,I-21-C,0.006601780485030642
471,I-21-F,0.008935448012668486
472,L-20-F,0.008003485247511181
473,T-19-R,0.01996574204301213
474,T-19-S,0.008935448012668486
475,T-19-M,0.011719396532279424
476,T-19-I,0.01494494066796131
477,T-19-Q,0.013565497003496942
478,T-19-H,0.013565497003496942
479,T-19-P,0.01494494066796131
480,T-19-L,0.013565497003496942
481,T-19-E,0.013565497003496942
482,T-19-D,0.014485612775431502
483,T-19-A,0.012181657865867154
484,T-19-G,0.012181657865867154
485,T-19-V,0.010793395153946873
486,T-19-Y,0.011719396532279424
487,T-19-W,0.012181657865867154
488,T-19-C,0.012181657865867154
489,T-19-F,0.013104707059045944
490,E-18-D,0.008469716620149913
491,E-18-A,0.01264342769342549
492,E-18-G,0.01264342769342549
493,E-18-V,0.008935448012668486
494,E-18-Y,0.01586214160423479
495,E-18-W,0.011256642645232968
496,E-18-C,0.008935448012668486
497,E-18-F,0.01264342769342549
498,V-17-Y,0.016320016693461198
499,V-17-W,0.012181657865867154
500,V-17-C,0.010793395153946873
501,V-17-F,0.01494494066796131
502,A-16-G,0.008003485247511181
503,A-16-V,0.010793395153946873
504,A-16-Y,0.014025798564237532
505,A-16-W,0.01264342769342549
506,A-16-C,0.011256642645232968
507,A-16-F,0.016777409555016286
508,K-14-N,0.008003485247511181
509,K-14-T,0.01264342769342549
510,K-14-R,0.012181657865867154
511,K-14-S,0.013104707059045944
512,K-14-M,0.01494494066796131
513,K-14-I,0.011719396532279424
514,K-14-Q,0.010793395153946873
515,K-14-H,0.011719396532279424
516,K-14-P,0.015403783269441959
517,K-14-L,0.012181657865867154
518,K-14-E,0.009865415138686398
519,K-14-D,0.011719396532279424
520,K-14-A,0.01264342769342549
521,K-14-G,0.012181657865867154
522,K-14-V,0.005664790948102924
523,K-14-Y,0.011719396532279424
524,K-14-W,0.00940068049626199
525,K-14-C,0.007069518259810335
526,K-14-F,0.010793395153946873
527,N-13-K,0.005664790948102924
528,N-13-T,0.015403783269441959
529,N-13-R,0.008469716620149913
530,N-13-S,0.014485612775431502
531,N-13-M,0.016777409555016286
532,N-13-I,0.013565497003496942
533,N-13-Q,0.008469716620149913
534,N-13-H,0.012181657865867154
535,N-13-P,0.016777409555016286
536,N-13-L,0.013104707059045944
537,N-13-E,0.007536752820103681
538,N-13-D,0.011256642645232968
539,N-13-A,0.01494494066796131
540,N-13-G,0.01494494066796131
541,N-13-V,0.011719396532279424
542,N-13-Y,0.014025798564237532
543,N-13-W,0.009865415138686398
544,N-13-C,0.010793395153946873
545,N-13-F,0.012181657865867154
546,E-12-D,0.009865415138686398
547,E-12-A,0.011719396532279424
548,E-12-G,0.012181657865867154
549,E-12-V,0.004255505292080669
550,E-12-Y,0.014485612775431502
551,E-12-W,0.009865415138686398
552,E-12-C,0.0061335384106656655
553,E-12-F,0.00940068049626199
554,H-10-P,0.016777409555016286
555,H-10-L,0.018146704904495
556,H-10-E,0.01494494066796131
557,H-10-D,0.016777409555016286
558,H-10-A,0.014025798564237532
559,H-10-G,0.016320016693461198
560,H-10-V,0.016320016693461198
561,H-10-Y,0.016320016693461198
562,H-10-W,0.01264342769342549
563,H-10-C,0.013565497003496942
564,H-10-F,0.016777409555016286
565,R-9-L,0.010329653004273846
566,R-9-E,0.011719396532279424
567,R-9-D,0.01494494066796131
568,R-9-A,0.012181657865867154
569,R-9-G,0.009865415138686398
570,R-9-V,0.007536752820103681
571,R-9-Y,0.010793395153946873
572,R-9-W,0.011256642645232968
573,R-9-C,0.010329653004273846
574,R-9-F,0.007069518259810335
575,I-8-Q,0.011719396532279424
576,I-8-H,0.013565497003496942
577,I-8-P,0.011719396532279424
578,I-8-L,0.007536752820103681
579,I-8-E,0.011719396532279424
580,I-8-D,0.012181657865867154
581,I-8-A,0.011719396532279424
582,I-8-G,0.009865415138686398
583,I-8-V,0.007536752820103681
584,I-8-Y,0.018146704904495
585,I-8-W,0.011256642645232968
586,I-8-C,0.004725775486275306
587,I-8-F,0.008469716620149913
588,A-7-G,0.008469716620149913
589,A-7-V,0.010329653004273846
590,A-7-Y,0.01586214160423479
591,A-7-W,0.01264342769342549
592,A-7-C,0.011256642645232968
593,A-7-F,0.017234321203582443
594,C-5-F,0.017234321203582443
595,N-4-T,0.01769075265064285
596,N-4-R,0.014485612775431502
597,N-4-S,0.016777409555016286
598,N-4-M,0.01905717584991492
599,N-4-I,0.014485612775431502
600,N-4-Q,0.00940068049626199
601,N-4-H,0.013565497003496942
602,N-4-P,0.01769075265064285
603,N-4-L,0.014485612775431502
604,N-4-E,0.011719396532279424
605,N-4-D,0.012181657865867154
606,N-4-A,0.01494494066796131
607,N-4-G,0.014025798564237532
608,N-4-V,0.011719396532279424
609,N-4-Y,0.01769075265064285
610,N-4-W,0.010793395153946873
611,N-4-C,0.011719396532279424
612,N-4-F,0.01494494066796131
613,S-3-R,0.01769075265064285
614,S-3-M,0.010329653004273846
615,S-3-I,0.010793395153946873
616,S-3-Q,0.012181657865867154
617,S-3-H,0.011719396532279424
618,S-3-P,0.011719396532279424
619,S-3-L,0.010329653004273846
620,S-3-E,0.011256642645232968
621,S-3-D,0.012181657865867154
622,S-3-A,0.009865415138686398
623,S-3-G,0.010329653004273846
624,S-3-V,0.006601780485030642
625,S-3-Y,0.011256642645232968
626,S-3-W,0.010329653004273846
627,S-3-C,0.0061335384106656655
628,S-3-F,0.011719396532279424
629,A-2-G,0.007069518259810335
630,A-2-V,0.008935448012668486
631,A-2-Y,0.01264342769342549
632,A-2-W,0.014485612775431502
633,A-2-C,0.010793395153946873
634,A-2-F,0.014485612775431502
635,E-1-D,0.008935448012668486
636,E-1-A,0.012181657865867154
637,E-1-G,0.010793395153946873
638,E-1-V,0.007536752820103681
639,E-1-Y,0.015403783269441959
640,E-1-W,0.008935448012668486
641,E-1-C,0.007536752820103681
642,E-1-F,0.010329653004273846
