,ID,Tango_score
0,ADan,0.0
1,E-1-K,-0.00698532208952193
2,E-1-N,-0.0072398149178102755
3,E-1-T,-0.00698532208952193
4,E-1-R,-0.00698532208952193
5,E-1-S,-0.007680875050999611
6,E-1-M,-0.0072398149178102755
7,E-1-I,-0.0072398149178102755
8,E-1-Q,-0.007702007483356295
9,E-1-H,-0.007467122372188645
10,E-1-P,-0.007791520951677188
11,E-1-L,-0.007316812861620919
12,A-2-K,0.002581390167154804
13,A-2-N,0.0
14,A-2-T,0.0
15,A-2-R,0.002581390167154804
16,A-2-S,0.0
17,A-2-M,0.0
18,A-2-I,0.0013060067714828817
19,A-2-Q,0.0
20,A-2-H,0.0010380530649393173
21,A-2-P,0.0
22,A-2-L,0.0
23,A-2-E,0.0
24,A-2-D,0.0
25,S-3-K,0.002581390167154804
26,S-3-N,0.0
27,S-3-T,0.0
28,N-4-K,0.002581390167154804
29,C-5-K,0.0020298726420870873
30,C-5-N,0.0
31,C-5-T,0.0
32,C-5-R,0.0020298726420870873
33,C-5-S,0.0
34,C-5-M,0.0
35,C-5-I,0.012704015492328883
36,C-5-Q,0.0
37,C-5-H,0.0005089682259724793
38,C-5-P,0.0
39,C-5-L,0.006397255041013283
40,C-5-E,0.0
41,C-5-D,0.0
42,C-5-A,0.0
43,C-5-G,0.0
44,C-5-V,0.01406820691391602
45,C-5-Y,0.003367366905603541
46,C-5-W,0.0040660306264650205
47,F-6-K,0.002581390167154804
48,F-6-N,0.0
49,F-6-R,0.002581390167154804
50,F-6-S,0.0
51,F-6-M,0.0
52,F-6-I,0.0
53,F-6-Q,0.0
54,F-6-H,0.0010380530649393173
55,F-6-P,0.0
56,F-6-L,0.0
57,F-6-E,0.0
58,F-6-D,0.0
59,F-6-A,0.0
60,F-6-G,0.0
61,F-6-V,0.0
62,F-6-Y,0.0
63,F-6-W,0.0
64,F-6-C,0.0
65,A-7-K,0.002581390167154804
66,A-7-N,0.0
67,A-7-T,0.0
68,A-7-R,0.002581390167154804
69,A-7-S,0.0
70,A-7-M,0.0
71,A-7-I,0.0022947856492851783
72,A-7-Q,0.0
73,A-7-H,0.0010380530649393173
74,A-7-P,0.0
75,A-7-L,0.0
76,A-7-E,0.0
77,A-7-D,-7.938933710077513e-05
78,I-8-K,0.002581390167154804
79,I-8-N,0.0
80,I-8-T,0.0
81,I-8-R,0.002581390167154804
82,I-8-S,0.0
83,I-8-M,0.0
84,R-9-K,-3.6638038234177837e-06
85,R-9-N,-0.009854190088242428
86,R-9-T,-0.0017057858694543488
87,R-9-S,-0.009854190088242428
88,R-9-M,0.00539848457889305
89,R-9-I,0.1106018375534426
90,R-9-Q,-0.009854190088242428
91,R-9-H,-0.007428608367054247
92,H-10-K,0.002393175468434962
93,H-10-N,-0.001044212763590257
94,H-10-T,-0.001044212763590257
95,H-10-R,0.002393175468434962
96,H-10-S,-0.001044212763590257
97,H-10-M,-0.0010797160934202651
98,H-10-I,0.004575092573543867
99,H-10-Q,-0.001044212763590257
100,F-11-K,0.01216521208173091
101,F-11-N,-0.0005731502830810061
102,F-11-T,-1.7098015622478857e-05
103,F-11-R,0.012164024551958494
104,F-11-S,-0.00044109979713265673
105,F-11-M,7.327514922076862e-06
106,F-11-I,3.9078651031238394e-05
107,F-11-Q,-1.0991504197330278e-05
108,F-11-H,0.002313007667955021
109,F-11-P,-0.00014168959437168457
110,F-11-L,1.3433682917769631e-05
111,F-11-E,-1.2212799613393276e-05
112,F-11-D,-0.0008300301121090714
113,F-11-A,-4.641046572486202e-05
114,F-11-G,-0.0002052206282993972
115,F-11-V,3.9078651031238394e-05
116,F-11-Y,6.106271020487879e-06
117,F-11-W,6.106271020487879e-06
118,F-11-C,-7.206048259277435e-05
119,E-12-K,-0.004952259859784226
120,E-12-N,0.05530081727300977
121,E-12-T,0.06515359376107557
122,E-12-R,-0.004959671534333873
123,E-12-S,0.05647876448465062
124,E-12-M,0.07234544652031236
125,E-12-I,0.20261782975119222
126,E-12-Q,0.055288989393092
127,E-12-H,0.04914242864817661
128,E-12-P,0.054862971036012786
129,E-12-L,0.1392829312695627
130,F-15-K,-0.031207551939543724
131,F-15-N,-0.036257467936409195
132,F-15-T,-0.03466594246186006
133,F-15-R,-0.03365522203190876
134,F-15-S,-0.03626808885036043
135,F-15-M,-0.03384925641548578
136,F-15-I,-0.004346166124913487
137,F-15-Q,-0.036262778360917236
138,F-15-H,-0.035229796328416475
139,F-15-P,-0.0362534851606408
140,F-15-L,-0.020080404892977438
141,F-15-E,-0.036629354557212744
142,F-15-D,-0.036262778360917236
143,F-15-A,-0.03442791418487402
144,F-15-G,-0.03627472705348179
145,F-15-V,-0.00017956274584041737
146,F-15-Y,-0.02607560059805062
147,F-15-W,0.019686817907693176
148,F-15-C,-0.0362534851606408
149,A-16-K,0.008997235849188939
150,A-16-N,-0.04176594129277357
151,A-16-T,-0.010911125343187795
152,A-16-R,-0.021203588079640952
153,A-16-S,-0.03452310984120573
154,A-16-M,0.010068923874057046
155,A-16-I,0.23230936800311275
156,A-16-Q,-0.034930571422336104
157,A-16-H,-0.026061335647248822
158,A-16-P,-0.0362534851606408
159,A-16-L,0.13767684986532572
160,A-16-E,-0.03625481274850526
161,A-16-D,-0.045239305921195745
162,V-17-K,0.19321371008075416
163,V-17-N,-0.03690448990229348
164,V-17-T,-0.034808822073370556
165,V-17-R,0.19248910829820787
166,V-17-S,-0.03684865124256246
167,V-17-M,-0.03352723319713496
168,V-17-I,-0.0038468671885944707
169,V-17-Q,-0.0363849360499044
170,V-17-H,-0.016803070193411814
171,V-17-P,-0.03639954416056627
172,V-17-L,-0.019666188373340037
173,V-17-E,-0.09471394324889444
174,V-17-D,-0.09543601052177529
175,V-17-A,-0.034414694216107544
176,V-17-G,-0.03765768344548546
177,E-18-K,-0.02899157531176352
178,E-18-N,0.2959387458536714
179,E-18-T,0.49040723349796833
180,E-18-R,-0.029092115963177737
181,E-18-S,0.4046798583390441
182,E-18-M,0.5041316260686699
183,E-18-I,0.5217984170350884
184,E-18-Q,0.293581509527221
185,E-18-H,0.4506949348158105
186,E-18-P,0.1415403798836722
187,E-18-L,0.5197012701970388
188,T-19-K,0.21113369554622463
189,T-19-N,-0.1257720296636461
190,L-20-K,-0.6288052748506346
191,L-20-N,-0.4365777327357419
192,L-20-T,-0.3394995556191693
193,L-20-R,-0.6694478807557083
194,L-20-S,-0.42210439551017154
195,L-20-M,-0.2754427090046077
196,L-20-I,0.1287006778916144
197,L-20-Q,-0.43709865376558754
198,L-20-H,-0.42804863027433143
199,L-20-P,-0.43958831828414735
200,L-20-E,-0.6992522077080716
201,L-20-D,-0.6977212283348078
202,L-20-A,-0.3020240190165241
203,L-20-G,-0.4271431381037639
204,L-20-V,0.1459750019379732
205,L-20-Y,-0.08828376447652182
206,L-20-W,0.2086926582929905
207,L-20-C,-0.4298850149118092
208,I-21-K,-1.1853748984886332
209,I-21-N,-0.9287300694731769
210,I-21-T,-0.712000231441172
211,I-21-R,-1.282186670173056
212,I-21-S,-0.8837931683225677
213,I-21-M,-0.6045818793874002
214,C-22-K,-0.0006868926060557432
215,C-22-N,-0.4345334888573281
216,C-22-T,0.210659517048642
217,C-22-R,-0.374097119837176
218,C-22-S,-0.09681049149458151
219,C-22-I,0.3519356171623942
220,C-22-Q,-0.44555016575712875
221,C-22-H,-0.8356321379991729
222,C-22-P,-0.9895517806527941
223,C-22-L,0.34162913467854417
224,C-22-E,-1.4093686562783894
225,C-22-D,-1.4107815078180088
226,C-22-A,0.2509797893419046
227,C-22-G,-0.17999049486144394
228,C-22-V,0.35297818782863577
229,C-22-Y,0.33025821139800376
230,C-22-W,0.3355629137716422
231,F-23-K,-1.3049939308340206
232,F-23-N,-2.1991788794996165
233,F-23-R,-1.4234492618089458
234,F-23-S,-1.789573628898009
235,F-23-M,-0.8348382342445885
236,F-23-I,-0.027392586138853668
237,F-23-Q,-2.2007271680624774
238,F-23-H,-1.5394470325391005
239,F-23-P,-2.20384040348662
240,F-23-L,-0.22836107001372496
241,F-23-E,-2.55097518639664
242,F-23-D,-2.55097518639664
243,F-23-A,-0.9158132584048299
244,F-23-G,-1.9711915897798298
245,F-23-V,-0.0012511523172076089
246,F-23-Y,-0.38331823028971596
247,F-23-W,0.0905990580939897
248,F-23-C,-1.660107247585199
249,N-24-K,0.34974415152862465
250,L-25-K,-0.6191970526477588
251,L-25-N,-1.4152384428871663
252,L-25-T,-0.6841209756615222
253,L-25-R,-0.6588972876613108
254,L-25-S,-1.19153814809265
255,L-25-M,-0.4822254791952029
256,L-25-I,0.1410755310304156
257,L-25-Q,-1.4162881938397864
258,L-25-H,-1.031567257440906
259,L-25-P,-1.4628745517539805
260,L-25-E,-1.8830555010792787
261,L-25-D,-1.8835222335066861
262,L-25-A,-0.5562402208308493
263,L-25-G,-1.2640698334242653
264,L-25-V,0.1578611118848335
265,L-25-Y,-0.11640468569448702
266,L-25-W,0.2186125885584086
267,L-25-C,-1.0977027249504763
268,F-26-K,-0.7956721471094597
269,F-26-N,-1.309105097711021
270,F-26-T,-0.9111700657990853
271,F-26-R,-0.8262652393165323
272,F-26-S,-1.2315567973489123
273,F-26-M,-0.7356232767875962
274,F-26-I,-0.026337640306898186
275,F-26-Q,-1.3064259434987455
276,F-26-H,-1.148129404740915
277,F-26-P,-1.4623430445503212
278,F-26-L,-0.21705256425747865
279,F-26-E,-1.4316862972720323
280,F-26-D,-1.4336044453757342
281,F-26-A,-0.7945520944023612
282,F-26-G,-1.2708522900943324
283,F-26-V,-0.0010001437018978088
284,F-26-Y,-0.35898513185194936
285,F-26-W,0.08977648249906149
286,F-26-C,-1.177364458083709
287,L-27-K,-0.024470494995311058
288,L-27-N,-0.5911994553715053
289,L-27-T,-0.4229056413037355
290,L-27-R,-0.029452686798388004
291,L-27-S,-0.5578124049923222
292,L-27-M,-0.33209847134388343
293,L-27-I,0.1310272084790706
294,L-27-Q,-0.5909565387163962
295,L-27-H,-0.5247157403509578
296,L-27-P,-1.3073419418905021
297,L-27-E,-0.9366475646457894
298,L-27-D,-0.9374504835429875
299,L-27-A,-0.3670622089647645
300,L-27-G,-0.5789390601962506
301,L-27-V,0.14760638501715867
302,L-27-Y,-0.09545274631064775
303,L-27-W,0.20904070966869664
304,L-27-C,-0.5602723517887119
305,S-29-K,0.2907758486178419
306,S-29-N,0.00010867878914042738
307,S-29-T,0.0012853071506986591
308,S-29-R,0.2898908856612158
309,Q-30-K,0.04475355219886121
310,Q-30-N,-0.0037212082656691383
311,Q-30-T,0.001447224914513239
312,Q-30-R,0.044756857227102806
313,Q-30-S,-0.0014839240603364368
314,Q-30-M,0.0037913004853039173
315,Q-30-I,0.04039999714317017
316,E-31-K,-0.00025409697927960303
317,E-31-N,-0.009153903214817249
318,E-31-T,-0.008236875950105102
319,E-31-R,-0.00023943349640972143
320,E-31-S,-0.007866129604816962
321,E-31-M,-0.006373907745494899
322,E-31-I,-0.0033555259752024104
323,E-31-Q,-0.006687568638685078
324,E-31-H,-0.006551166501238903
325,E-31-P,-0.006226453845041577
326,E-31-L,-0.006002271164624801
327,H-33-K,0.0009771314318575623
328,H-33-N,-0.0010001437018978088
329,H-33-T,-0.000531574503230311
330,H-33-R,0.00152876965025833
331,H-33-S,-0.001025850111099624
332,H-33-M,-0.0012695244985022128
333,H-33-I,-0.000531574503230311
334,H-33-Q,-0.0013981515339858402
335,Y-34-K,0.00227170332802157
336,Y-34-N,6.106271020487879e-06
337,Y-34-T,6.106271020487879e-06
338,Y-34-R,0.0022656288290459027
339,Y-34-S,6.106271020487879e-06
340,Y-34-M,6.106271020487879e-06
341,Y-34-I,6.106271020487879e-06
342,Y-34-Q,6.106271020487879e-06
343,Y-34-H,0.0009990642042696978
344,Y-34-P,-0.00045821518785797634
345,Y-34-L,6.106271020487879e-06
346,Y-34-E,0.0005101880566374264
347,Y-34-D,0.0005101880566374264
348,Y-34-A,6.106271020487879e-06
349,Y-34-G,6.106271020487879e-06
350,Y-34-V,6.106271020487879e-06
351,Y-34-W,6.106271020487879e-06
352,Y-34-C,8.548755389419236e-06
353,Y-34-F,6.106271020487879e-06
354,H-33-P,-0.0005303517464265464
355,H-33-L,-0.0010001437018978088
356,H-33-E,-0.0009891271351594611
357,H-33-D,-0.0005327972634768072
358,H-33-A,-0.001346696148173358
359,H-33-G,-0.0009548551589814168
360,H-33-V,-0.000531574503230311
361,H-33-Y,-0.0013993767365273852
362,H-33-W,-0.000984230972975179
363,H-33-C,-0.0009413919082600861
364,H-33-F,-0.0013981515339858402
365,K-32-N,-0.009362248495608209
366,K-32-T,-0.009278648861701546
367,K-32-R,-0.00021255173028979
368,K-32-S,-0.009308593149455037
369,K-32-M,-0.009296116111979499
370,K-32-I,-0.009277401227849546
371,K-32-Q,-0.00929237307063503
372,K-32-H,-0.008261769592316679
373,K-32-P,-0.009162634243875818
374,K-32-L,-0.009855439380186973
375,K-32-E,-0.00929237307063503
376,K-32-D,-0.009369735815136466
377,K-32-A,-0.009971639241970505
378,K-32-G,-0.0096406139975192
379,K-32-V,-0.009284887084724983
380,K-32-Y,-0.009329804935860175
381,K-32-W,-0.009162634243875818
382,K-32-C,-0.00940218235813186
383,K-32-F,-0.009329804935860175
384,E-31-D,-0.0027233883177620304
385,E-31-A,-0.007111929148586523
386,E-31-G,-0.00848214054120092
387,E-31-V,-0.003028273717733234
388,E-31-Y,-0.00632805537105093
389,E-31-W,-0.0011225688053612525
390,E-31-C,-0.005823998502917571
391,E-31-F,-0.003052870579060196
392,Q-30-H,0.0016212496259082447
393,Q-30-P,0.0003271751582024555
394,Q-30-L,0.020738302700554486
395,Q-30-E,-0.005035030739728872
396,Q-30-D,-0.009274905970897989
397,Q-30-A,0.0014107073829471002
398,Q-30-G,-0.0007174735802712475
399,Q-30-V,0.04459047290390296
400,Q-30-Y,0.012815490426446662
401,Q-30-W,0.059138571665066295
402,Q-30-C,-0.00020033329572291102
403,Q-30-F,0.04515768077154566
404,S-29-M,0.003001239910218753
405,S-29-I,0.045605416721154
406,S-29-Q,0.00010989974464052039
407,S-29-H,0.0017222250019010223
408,S-29-P,-0.008933191221101368
409,S-29-L,0.02322513374263198
410,S-29-E,-0.2189348438460892
411,S-29-D,-0.21832468095026544
412,S-29-A,0.0019374796481834346
413,S-29-G,-0.009141430620641648
414,S-29-V,0.05120096316975961
415,S-29-Y,0.010534051594818591
416,S-29-W,0.06867109993501135
417,S-29-C,-0.015395007369049049
418,S-29-F,0.05087194848109951
419,N-28-K,0.3003749049869816
420,N-28-T,0.10333037281356389
421,N-28-R,0.29476265625793346
422,N-28-S,0.02039352838179655
423,N-28-M,0.15543361650129991
424,N-28-I,0.347692414455915
425,N-28-Q,0.0006394706809253686
426,N-28-H,0.040354370785834176
427,N-28-P,-0.5846738504219762
428,N-28-L,0.304985913050335
429,N-28-E,-0.2891296831312594
430,N-28-D,-0.2905317054441484
431,N-28-A,0.13513174325734081
432,N-28-G,0.01358317840482058
433,N-28-V,0.3526784745970506
434,N-28-Y,0.26783575250017383
435,N-28-W,0.38036621266127174
436,N-28-C,0.020558961030030406
437,N-28-F,0.3528963698411566
438,L-27-F,0.14838897840716328
439,L-25-F,0.1586678361226442
440,N-24-T,0.3170546932481621
441,N-24-R,0.1245272815170032
442,N-24-S,0.21140774646420205
443,N-24-M,0.3307814004269025
444,N-24-I,0.3480344964757897
445,N-24-Q,-0.009137688912237532
446,N-24-H,0.273591229607507
447,N-24-P,-2.1991788794996165
448,N-24-L,0.34599061438278134
449,N-24-E,-1.8873684782721196
450,N-24-D,-1.8830555010792787
451,N-24-A,0.3266961452659312
452,N-24-G,0.17055762225841722
453,N-24-V,0.3482569244688402
454,N-24-Y,0.3437849147385766
455,N-24-W,0.3601824223433366
456,N-24-C,0.25180127459999113
457,N-24-F,0.3482591153110333
458,C-22-F,0.3530193619122521
459,I-21-Q,-0.9268375355471379
460,I-21-H,-0.8306587381836256
461,I-21-P,-0.9275914923157428
462,I-21-L,-0.1763514659656153
463,I-21-E,-1.355435289847322
464,I-21-D,-1.3588818689446056
465,I-21-A,-0.6460541705491004
466,I-21-G,-0.9148987105793178
467,I-21-V,0.025899200870913616
468,I-21-Y,-0.3029062385711373
469,I-21-W,0.11212994197029766
470,I-21-C,-0.8878681713063048
471,I-21-F,0.02705053625134524
472,L-20-F,0.14668997625103453
473,T-19-R,0.199354980014009
474,T-19-S,-0.10160325254659484
475,T-19-M,0.06712837088862612
476,T-19-I,0.3413459698252498
477,T-19-Q,-0.12581118689479262
478,T-19-H,-0.050656362650253146
479,T-19-P,-0.13352176217912542
480,T-19-L,0.2760624227407583
481,T-19-E,-0.40476650351734256
482,T-19-D,-0.4051792026941742
483,T-19-A,0.04269957745297591
484,T-19-G,-0.11145933788391969
485,T-19-V,0.3490908363179418
486,T-19-Y,0.2212518748988857
487,T-19-W,0.3754398081051589
488,T-19-C,-0.10036431672199768
489,T-19-F,0.34946076838409257
490,E-18-D,-0.012197924749503986
491,E-18-A,0.49999663195721156
492,E-18-G,0.378231649644501
493,E-18-V,0.5220080897774743
494,E-18-Y,0.5173587556554509
495,E-18-W,0.5282552769033423
496,E-18-C,0.4351464106680958
497,E-18-F,0.5220180017443788
498,V-17-Y,-0.027114309762930774
499,V-17-W,0.019616783965416752
500,V-17-C,-0.042337748820745015
501,V-17-F,-0.00020644247003716909
502,A-16-G,-0.03449137563720353
503,A-16-V,0.24769824337607677
504,A-16-Y,0.08759193707037714
505,A-16-W,0.3098627197941292
506,A-16-C,-0.028481396587736067
507,A-16-F,0.24846530822222646
508,K-14-N,-0.04552673320940884
509,K-14-T,-0.04552673320940884
510,K-14-R,-0.024699248237337972
511,K-14-S,-0.04552673320940884
512,K-14-M,-0.04552673320940884
513,K-14-I,-0.04401715465457314
514,K-14-Q,-0.04552673320940884
515,K-14-H,-0.04447962469120991
516,K-14-P,-0.04552673320940884
517,K-14-L,-0.04476925721669231
518,K-14-E,-0.04552673320940884
519,K-14-D,-0.04552673320940884
520,K-14-A,-0.04552673320940884
521,K-14-G,-0.04552673320940884
522,K-14-V,-0.043844193026135146
523,K-14-Y,-0.04552673320940884
524,K-14-W,-0.04552673320940884
525,K-14-C,-0.04552673320940884
526,K-14-F,-0.04383203425320353
527,N-13-K,0.16388244840002722
528,N-13-T,0.022090295458201657
529,N-13-R,0.16380958954231645
530,N-13-S,0.003647209493957945
531,N-13-M,0.03970060875298628
532,N-13-I,0.24520005083174065
533,N-13-Q,5.129000838271347e-05
534,N-13-H,0.017883351314683358
535,N-13-P,8.059586521326185e-05
536,N-13-L,0.1563309265182942
537,N-13-E,-0.023325955340573686
538,N-13-D,-0.023356884049131433
539,N-13-A,0.03127686034850276
540,N-13-G,0.0025085425402953127
541,N-13-V,0.2613103281517635
542,N-13-Y,0.11110234746292283
543,N-13-W,0.3168675064819242
544,N-13-C,0.0026008141374560933
545,N-13-F,0.26204973618947774
546,E-12-D,-1.8319328211079342e-05
547,E-12-A,0.06917961469692661
548,E-12-G,0.05422423682893798
549,E-12-V,0.21435876570316753
550,E-12-Y,0.11271349190435044
551,E-12-W,0.2634116010560776
552,E-12-C,0.05288664126254671
553,E-12-F,0.2149644384512056
554,H-10-P,-0.001044212763590257
555,H-10-L,-0.001044212763590257
556,H-10-E,-0.001044212763590257
557,H-10-D,-0.001044212763590257
558,H-10-A,-0.001044212763590257
559,H-10-G,-0.001045436968028829
560,H-10-V,0.005188559247693629
561,H-10-Y,-0.001044212763590257
562,H-10-W,0.003764665416517609
563,H-10-C,-0.001044212763590257
564,H-10-F,0.005224760510446237
565,R-9-L,0.059839294125898425
566,R-9-E,-0.009854190088242428
567,R-9-D,-0.009854190088242428
568,R-9-A,0.0017915559420877587
569,R-9-G,-0.009854190088242428
570,R-9-V,0.12173579500054652
571,R-9-Y,0.046127375627176385
572,R-9-W,0.1471958502051603
573,R-9-C,0.0008284467717618899
574,R-9-F,0.12220797455681555
575,I-8-Q,0.0
576,I-8-H,0.0010380530649393173
577,I-8-P,0.0
578,I-8-L,0.0
579,I-8-E,0.0
580,I-8-D,0.0
581,I-8-A,0.0
582,I-8-G,0.0
583,I-8-V,0.0
584,I-8-Y,0.0
585,I-8-W,0.0
586,I-8-C,0.0
587,I-8-F,0.0
588,A-7-G,0.0
589,A-7-V,0.0025486102471986003
590,A-7-Y,0.0
591,A-7-W,0.0039002451233664842
592,A-7-C,0.0
593,A-7-F,0.002563179405967798
594,C-5-F,0.014132048366021117
595,N-4-T,0.0030036656078707346
596,N-4-R,0.002581390167154804
597,N-4-S,0.0
598,N-4-M,0.006440575466169658
599,N-4-I,0.060470891678838984
600,N-4-Q,0.0
601,N-4-H,0.0010380530649393173
602,N-4-P,0.0
603,N-4-L,0.031979724565884146
604,N-4-E,0.0
605,N-4-D,0.0
606,N-4-A,0.004318822424171878
607,N-4-G,0.0
608,N-4-V,0.06609962879300593
609,N-4-Y,0.020390032646021277
610,N-4-W,0.09329004460095976
611,N-4-C,0.0
612,N-4-F,0.0663911086474304
613,S-3-R,0.002581390167154804
614,S-3-M,0.0
615,S-3-I,0.013077462450501216
616,S-3-Q,0.0
617,S-3-H,0.0010380530649393173
618,S-3-P,0.0
619,S-3-L,0.006175772024566037
620,S-3-E,0.0
621,S-3-D,0.0
622,S-3-A,0.0
623,S-3-G,0.0
624,S-3-V,0.014537340835650886
625,S-3-Y,0.003948656191545039
626,S-3-W,0.023057239448153063
627,S-3-C,0.0
628,S-3-F,0.014608198626006118
629,A-2-G,0.0
630,A-2-V,0.001450876498794401
631,A-2-Y,0.0
632,A-2-W,0.002217029778283056
633,A-2-C,0.0
634,A-2-F,0.001450876498794401
635,E-1-D,0.0005211663784451503
636,E-1-A,-0.007180212980562358
637,E-1-G,-0.007316812861620919
638,E-1-V,-0.0072398149178102755
639,E-1-Y,-0.0076485568491772935
640,E-1-W,-0.007791520951677188
641,E-1-C,-0.005822760754144448
642,E-1-F,-0.007791520951677188
