ID,fK,fR,fE,fD,fARO,Mean_lambda,SHD,Omega_ARO,SCD,kappa,FCR,NCPR
E-1-K,0.088,0.029,0.088,0.0,0.176,0.473,2.956,0.272,-0.537,0.073,0.265,0.029
E-1-N,0.059,0.029,0.088,0.0,0.176,0.48,2.985,0.272,-0.341,0.073,0.235,0.0
E-1-T,0.059,0.029,0.088,0.0,0.176,0.479,2.979,0.272,-0.341,0.073,0.235,0.0
E-1-R,0.059,0.059,0.088,0.0,0.176,0.489,3.022,0.272,-0.537,0.073,0.265,0.029
E-1-S,0.059,0.029,0.088,0.0,0.176,0.481,2.99,0.272,-0.341,0.073,0.235,0.0
E-1-M,0.059,0.029,0.088,0.0,0.176,0.483,2.998,0.272,-0.341,0.073,0.235,0.0
E-1-I,0.059,0.029,0.088,0.0,0.176,0.484,2.999,0.272,-0.341,0.073,0.235,0.0
E-1-Q,0.059,0.029,0.088,0.0,0.176,0.479,2.981,0.272,-0.341,0.073,0.235,0.0
E-1-H,0.059,0.029,0.088,0.0,0.176,0.481,2.99,0.272,-0.341,0.073,0.235,0.0
E-1-P,0.059,0.029,0.088,0.0,0.176,0.478,2.977,0.272,-0.341,0.073,0.235,0.0
E-1-L,0.059,0.029,0.088,0.0,0.176,0.487,3.012,0.272,-0.341,0.073,0.235,0.0
A-2-K,0.088,0.029,0.118,0.0,0.176,0.465,2.92,0.272,-0.34,0.081,0.235,0.0
A-2-N,0.059,0.029,0.118,0.0,0.176,0.472,2.957,0.272,-0.146,0.079,0.206,-0.029
A-2-T,0.059,0.029,0.118,0.0,0.176,0.471,2.949,0.272,-0.146,0.079,0.206,-0.029
A-2-R,0.059,0.059,0.118,0.0,0.176,0.481,3.002,0.272,-0.34,0.081,0.235,0.0
A-2-S,0.059,0.029,0.118,0.0,0.176,0.473,2.962,0.272,-0.146,0.079,0.206,-0.029
A-2-M,0.059,0.029,0.118,0.0,0.176,0.475,2.972,0.272,-0.146,0.079,0.206,-0.029
A-2-I,0.059,0.029,0.118,0.0,0.176,0.476,2.974,0.272,-0.146,0.079,0.206,-0.029
A-2-Q,0.059,0.029,0.118,0.0,0.176,0.471,2.952,0.272,-0.146,0.079,0.206,-0.029
A-2-H,0.059,0.029,0.118,0.0,0.176,0.473,2.963,0.272,-0.146,0.079,0.206,-0.029
A-2-P,0.059,0.029,0.118,0.0,0.176,0.47,2.947,0.272,-0.146,0.079,0.206,-0.029
A-2-L,0.059,0.029,0.118,0.0,0.176,0.479,2.989,0.272,-0.146,0.079,0.206,-0.029
A-2-E,0.059,0.029,0.147,0.0,0.176,0.46,2.893,0.272,0.049,0.071,0.235,-0.059
A-2-D,0.059,0.029,0.118,0.029,0.176,0.461,2.9,0.272,0.049,0.071,0.235,-0.059
S-3-K,0.088,0.029,0.118,0.0,0.176,0.459,2.888,0.272,-0.339,0.088,0.235,0.0
S-3-N,0.059,0.029,0.118,0.0,0.176,0.467,2.928,0.272,-0.146,0.079,0.206,-0.029
S-3-T,0.059,0.029,0.118,0.0,0.176,0.465,2.919,0.272,-0.146,0.079,0.206,-0.029
N-4-K,0.088,0.029,0.118,0.0,0.176,0.46,2.892,0.272,-0.338,0.102,0.235,0.0
C-5-K,0.088,0.029,0.118,0.0,0.176,0.456,2.866,0.272,-0.338,0.124,0.235,0.0
C-5-N,0.059,0.029,0.118,0.0,0.176,0.464,2.91,0.272,-0.146,0.079,0.206,-0.029
C-5-T,0.059,0.029,0.118,0.0,0.176,0.462,2.9,0.272,-0.146,0.079,0.206,-0.029
C-5-R,0.059,0.059,0.118,0.0,0.176,0.473,2.964,0.272,-0.338,0.124,0.235,0.0
C-5-S,0.059,0.029,0.118,0.0,0.176,0.465,2.917,0.272,-0.146,0.079,0.206,-0.029
C-5-M,0.059,0.029,0.118,0.0,0.176,0.467,2.929,0.272,-0.146,0.079,0.206,-0.029
C-5-I,0.059,0.029,0.118,0.0,0.176,0.467,2.931,0.272,-0.146,0.079,0.206,-0.029
C-5-Q,0.059,0.029,0.118,0.0,0.176,0.463,2.904,0.272,-0.146,0.079,0.206,-0.029
C-5-H,0.059,0.029,0.118,0.0,0.176,0.465,2.917,0.272,-0.146,0.079,0.206,-0.029
C-5-P,0.059,0.029,0.118,0.0,0.176,0.462,2.898,0.272,-0.146,0.079,0.206,-0.029
C-5-L,0.059,0.029,0.118,0.0,0.176,0.47,2.949,0.272,-0.146,0.079,0.206,-0.029
C-5-E,0.059,0.029,0.147,0.0,0.176,0.451,2.834,0.272,0.047,0.072,0.235,-0.059
C-5-D,0.059,0.029,0.118,0.029,0.176,0.452,2.842,0.272,0.047,0.072,0.235,-0.059
C-5-A,0.059,0.029,0.118,0.0,0.176,0.459,2.883,0.272,-0.146,0.079,0.206,-0.029
C-5-G,0.059,0.029,0.118,0.0,0.176,0.472,2.96,0.272,-0.146,0.079,0.206,-0.029
C-5-V,0.059,0.029,0.118,0.0,0.176,0.457,2.871,0.272,-0.146,0.079,0.206,-0.029
C-5-Y,0.059,0.029,0.118,0.0,0.206,0.48,3.008,0.26,-0.146,0.079,0.206,-0.029
C-5-W,0.059,0.029,0.118,0.0,0.206,0.48,3.01,0.26,-0.146,0.079,0.206,-0.029
F-6-K,0.088,0.029,0.118,0.0,0.147,0.447,2.808,0.514,-0.338,0.142,0.235,0.0
F-6-N,0.059,0.029,0.118,0.0,0.147,0.455,2.853,0.514,-0.146,0.079,0.206,-0.029
F-6-R,0.059,0.059,0.118,0.0,0.147,0.464,2.909,0.514,-0.338,0.142,0.235,0.0
F-6-S,0.059,0.029,0.118,0.0,0.147,0.456,2.86,0.514,-0.146,0.079,0.206,-0.029
F-6-M,0.059,0.029,0.118,0.0,0.147,0.458,2.873,0.514,-0.146,0.079,0.206,-0.029
F-6-I,0.059,0.029,0.118,0.0,0.147,0.458,2.875,0.514,-0.146,0.079,0.206,-0.029
F-6-Q,0.059,0.029,0.118,0.0,0.147,0.454,2.848,0.514,-0.146,0.079,0.206,-0.029
F-6-H,0.059,0.029,0.118,0.0,0.147,0.456,2.861,0.514,-0.146,0.079,0.206,-0.029
F-6-P,0.059,0.029,0.118,0.0,0.147,0.453,2.841,0.514,-0.146,0.079,0.206,-0.029
F-6-L,0.059,0.029,0.118,0.0,0.147,0.461,2.893,0.514,-0.146,0.079,0.206,-0.029
F-6-E,0.059,0.029,0.147,0.0,0.147,0.442,2.776,0.514,0.047,0.062,0.235,-0.059
F-6-D,0.059,0.029,0.118,0.029,0.147,0.443,2.783,0.514,0.047,0.062,0.235,-0.059
F-6-A,0.059,0.029,0.118,0.0,0.147,0.45,2.826,0.514,-0.146,0.079,0.206,-0.029
F-6-G,0.059,0.029,0.118,0.0,0.147,0.463,2.905,0.514,-0.146,0.079,0.206,-0.029
F-6-V,0.059,0.029,0.118,0.0,0.147,0.448,2.814,0.514,-0.146,0.079,0.206,-0.029
F-6-Y,0.059,0.029,0.118,0.0,0.176,0.471,2.954,0.272,-0.146,0.079,0.206,-0.029
F-6-W,0.059,0.029,0.118,0.0,0.176,0.471,2.956,0.272,-0.146,0.079,0.206,-0.029
F-6-C,0.059,0.029,0.118,0.0,0.147,0.459,2.878,0.514,-0.146,0.079,0.206,-0.029
A-7-K,0.088,0.029,0.118,0.0,0.176,0.465,2.916,0.272,-0.339,0.148,0.235,0.0
A-7-N,0.059,0.029,0.118,0.0,0.176,0.472,2.962,0.272,-0.146,0.079,0.206,-0.029
A-7-T,0.059,0.029,0.118,0.0,0.176,0.471,2.952,0.272,-0.146,0.079,0.206,-0.029
A-7-R,0.059,0.059,0.118,0.0,0.176,0.481,3.019,0.272,-0.339,0.148,0.235,0.0
A-7-S,0.059,0.029,0.118,0.0,0.176,0.473,2.969,0.272,-0.146,0.079,0.206,-0.029
A-7-M,0.059,0.029,0.118,0.0,0.176,0.475,2.982,0.272,-0.146,0.079,0.206,-0.029
A-7-I,0.059,0.029,0.118,0.0,0.176,0.476,2.984,0.272,-0.146,0.079,0.206,-0.029
A-7-Q,0.059,0.029,0.118,0.0,0.176,0.471,2.956,0.272,-0.146,0.079,0.206,-0.029
A-7-H,0.059,0.029,0.118,0.0,0.176,0.473,2.97,0.272,-0.146,0.079,0.206,-0.029
A-7-P,0.059,0.029,0.118,0.0,0.176,0.47,2.95,0.272,-0.146,0.079,0.206,-0.029
A-7-L,0.059,0.029,0.118,0.0,0.176,0.479,3.003,0.272,-0.146,0.079,0.206,-0.029
A-7-E,0.059,0.029,0.147,0.0,0.176,0.46,2.883,0.272,0.048,0.052,0.235,-0.059
A-7-D,0.059,0.029,0.118,0.029,0.176,0.461,2.891,0.272,0.048,0.052,0.235,-0.059
I-8-K,0.088,0.029,0.118,0.0,0.176,0.457,2.865,0.272,-0.343,0.142,0.235,0.0
I-8-N,0.059,0.029,0.118,0.0,0.176,0.464,2.912,0.272,-0.146,0.079,0.206,-0.029
I-8-T,0.059,0.029,0.118,0.0,0.176,0.463,2.902,0.272,-0.146,0.079,0.206,-0.029
I-8-R,0.059,0.059,0.118,0.0,0.176,0.473,2.97,0.272,-0.343,0.142,0.235,0.0
I-8-S,0.059,0.029,0.118,0.0,0.176,0.465,2.919,0.272,-0.146,0.079,0.206,-0.029
I-8-M,0.059,0.029,0.118,0.0,0.176,0.467,2.932,0.272,-0.146,0.079,0.206,-0.029
R-9-K,0.088,0.0,0.118,0.0,0.176,0.451,2.828,0.272,-0.146,0.079,0.206,-0.029
R-9-N,0.059,0.0,0.118,0.0,0.176,0.459,2.875,0.272,0.072,0.08,0.176,-0.059
R-9-T,0.059,0.0,0.118,0.0,0.176,0.457,2.865,0.272,0.072,0.08,0.176,-0.059
R-9-S,0.059,0.0,0.118,0.0,0.176,0.46,2.883,0.272,0.072,0.08,0.176,-0.059
R-9-M,0.059,0.0,0.118,0.0,0.176,0.462,2.896,0.272,0.072,0.08,0.176,-0.059
R-9-I,0.059,0.0,0.118,0.0,0.176,0.462,2.898,0.272,0.072,0.08,0.176,-0.059
R-9-Q,0.059,0.0,0.118,0.0,0.176,0.458,2.869,0.272,0.072,0.08,0.176,-0.059
R-9-H,0.059,0.0,0.118,0.0,0.176,0.46,2.883,0.272,0.072,0.08,0.176,-0.059
H-10-K,0.088,0.029,0.118,0.0,0.176,0.459,2.878,0.272,-0.323,0.116,0.235,0.0
H-10-N,0.059,0.029,0.118,0.0,0.176,0.466,2.926,0.272,-0.146,0.079,0.206,-0.029
H-10-T,0.059,0.029,0.118,0.0,0.176,0.465,2.916,0.272,-0.146,0.079,0.206,-0.029
H-10-R,0.059,0.059,0.118,0.0,0.176,0.475,2.986,0.272,-0.323,0.116,0.235,0.0
H-10-S,0.059,0.029,0.118,0.0,0.176,0.468,2.933,0.272,-0.146,0.079,0.206,-0.029
H-10-M,0.059,0.029,0.118,0.0,0.176,0.47,2.947,0.272,-0.146,0.079,0.206,-0.029
H-10-I,0.059,0.029,0.118,0.0,0.176,0.47,2.949,0.272,-0.146,0.079,0.206,-0.029
H-10-Q,0.059,0.029,0.118,0.0,0.176,0.466,2.92,0.272,-0.146,0.079,0.206,-0.029
F-11-K,0.088,0.029,0.118,0.0,0.147,0.447,2.799,0.424,-0.298,0.094,0.235,0.0
F-11-N,0.059,0.029,0.118,0.0,0.147,0.455,2.848,0.424,-0.146,0.079,0.206,-0.029
F-11-T,0.059,0.029,0.118,0.0,0.147,0.453,2.837,0.424,-0.146,0.079,0.206,-0.029
F-11-R,0.059,0.059,0.118,0.0,0.147,0.464,2.907,0.424,-0.298,0.094,0.235,0.0
F-11-S,0.059,0.029,0.118,0.0,0.147,0.456,2.855,0.424,-0.146,0.079,0.206,-0.029
F-11-M,0.059,0.029,0.118,0.0,0.147,0.458,2.868,0.424,-0.146,0.079,0.206,-0.029
F-11-I,0.059,0.029,0.118,0.0,0.147,0.458,2.87,0.424,-0.146,0.079,0.206,-0.029
F-11-Q,0.059,0.029,0.118,0.0,0.147,0.454,2.841,0.424,-0.146,0.079,0.206,-0.029
F-11-H,0.059,0.029,0.118,0.0,0.147,0.456,2.856,0.424,-0.146,0.079,0.206,-0.029
F-11-P,0.059,0.029,0.118,0.0,0.147,0.453,2.835,0.424,-0.146,0.079,0.206,-0.029
F-11-L,0.059,0.029,0.118,0.0,0.147,0.461,2.89,0.424,-0.146,0.079,0.206,-0.029
F-11-E,0.059,0.029,0.147,0.0,0.147,0.442,2.764,0.424,0.007,0.053,0.235,-0.059
F-11-D,0.059,0.029,0.118,0.029,0.147,0.443,2.772,0.424,0.007,0.053,0.235,-0.059
F-11-A,0.059,0.029,0.118,0.0,0.147,0.45,2.818,0.424,-0.146,0.079,0.206,-0.029
F-11-G,0.059,0.029,0.118,0.0,0.147,0.463,2.903,0.424,-0.146,0.079,0.206,-0.029
F-11-V,0.059,0.029,0.118,0.0,0.147,0.448,2.805,0.424,-0.146,0.079,0.206,-0.029
F-11-Y,0.059,0.029,0.118,0.0,0.176,0.471,2.956,0.272,-0.146,0.079,0.206,-0.029
F-11-W,0.059,0.029,0.118,0.0,0.176,0.471,2.958,0.272,-0.146,0.079,0.206,-0.029
F-11-C,0.059,0.029,0.118,0.0,0.147,0.459,2.874,0.424,-0.146,0.079,0.206,-0.029
E-12-K,0.088,0.029,0.088,0.0,0.176,0.473,2.969,0.272,-0.374,0.298,0.206,0.029
E-12-N,0.059,0.029,0.088,0.0,0.176,0.48,3.018,0.272,-0.26,0.188,0.176,0.0
E-12-T,0.059,0.029,0.088,0.0,0.176,0.479,3.007,0.272,-0.26,0.188,0.176,0.0
E-12-R,0.059,0.059,0.088,0.0,0.176,0.489,3.078,0.272,-0.374,0.298,0.206,0.029
E-12-S,0.059,0.029,0.088,0.0,0.176,0.481,3.025,0.272,-0.26,0.188,0.176,0.0
E-12-M,0.059,0.029,0.088,0.0,0.176,0.483,3.039,0.272,-0.26,0.188,0.176,0.0
E-12-I,0.059,0.029,0.088,0.0,0.176,0.484,3.041,0.272,-0.26,0.188,0.176,0.0
E-12-Q,0.059,0.029,0.088,0.0,0.176,0.479,3.012,0.272,-0.26,0.188,0.176,0.0
E-12-H,0.059,0.029,0.088,0.0,0.176,0.481,3.026,0.272,-0.26,0.188,0.176,0.0
E-12-P,0.059,0.029,0.088,0.0,0.176,0.478,3.005,0.272,-0.26,0.188,0.176,0.0
E-12-L,0.059,0.029,0.088,0.0,0.176,0.487,3.061,0.272,-0.26,0.188,0.176,0.0
F-15-K,0.088,0.029,0.118,0.0,0.147,0.447,2.797,0.453,-0.271,0.074,0.235,0.0
F-15-N,0.059,0.029,0.118,0.0,0.147,0.455,2.846,0.453,-0.146,0.079,0.206,-0.029
F-15-T,0.059,0.029,0.118,0.0,0.147,0.453,2.835,0.453,-0.146,0.079,0.206,-0.029
F-15-R,0.059,0.059,0.118,0.0,0.147,0.464,2.907,0.453,-0.271,0.074,0.235,0.0
F-15-S,0.059,0.029,0.118,0.0,0.147,0.456,2.853,0.453,-0.146,0.079,0.206,-0.029
F-15-M,0.059,0.029,0.118,0.0,0.147,0.458,2.867,0.453,-0.146,0.079,0.206,-0.029
F-15-I,0.059,0.029,0.118,0.0,0.147,0.458,2.869,0.453,-0.146,0.079,0.206,-0.029
F-15-Q,0.059,0.029,0.118,0.0,0.147,0.454,2.839,0.453,-0.146,0.079,0.206,-0.029
F-15-H,0.059,0.029,0.118,0.0,0.147,0.456,2.854,0.453,-0.146,0.079,0.206,-0.029
F-15-P,0.059,0.029,0.118,0.0,0.147,0.453,2.833,0.453,-0.146,0.079,0.206,-0.029
F-15-L,0.059,0.029,0.118,0.0,0.147,0.461,2.889,0.453,-0.146,0.079,0.206,-0.029
F-15-E,0.059,0.029,0.147,0.0,0.147,0.442,2.761,0.453,-0.021,0.078,0.235,-0.059
F-15-D,0.059,0.029,0.118,0.029,0.147,0.443,2.769,0.453,-0.021,0.078,0.235,-0.059
F-15-A,0.059,0.029,0.118,0.0,0.147,0.45,2.816,0.453,-0.146,0.079,0.206,-0.029
F-15-G,0.059,0.029,0.118,0.0,0.147,0.463,2.902,0.453,-0.146,0.079,0.206,-0.029
F-15-V,0.059,0.029,0.118,0.0,0.147,0.448,2.802,0.453,-0.146,0.079,0.206,-0.029
F-15-Y,0.059,0.029,0.118,0.0,0.176,0.471,2.956,0.272,-0.146,0.079,0.206,-0.029
F-15-W,0.059,0.029,0.118,0.0,0.176,0.471,2.959,0.272,-0.146,0.079,0.206,-0.029
F-15-C,0.059,0.029,0.118,0.0,0.147,0.459,2.873,0.453,-0.146,0.079,0.206,-0.029
A-16-K,0.088,0.029,0.118,0.0,0.176,0.465,2.915,0.272,-0.248,0.066,0.235,0.0
A-16-N,0.059,0.029,0.118,0.0,0.176,0.472,2.964,0.272,-0.146,0.079,0.206,-0.029
A-16-T,0.059,0.029,0.118,0.0,0.176,0.471,2.954,0.272,-0.146,0.079,0.206,-0.029
A-16-R,0.059,0.059,0.118,0.0,0.176,0.481,3.026,0.272,-0.248,0.066,0.235,0.0
A-16-S,0.059,0.029,0.118,0.0,0.176,0.473,2.972,0.272,-0.146,0.079,0.206,-0.029
A-16-M,0.059,0.029,0.118,0.0,0.176,0.475,2.986,0.272,-0.146,0.079,0.206,-0.029
A-16-I,0.059,0.029,0.118,0.0,0.176,0.476,2.988,0.272,-0.146,0.079,0.206,-0.029
A-16-Q,0.059,0.029,0.118,0.0,0.176,0.471,2.958,0.272,-0.146,0.079,0.206,-0.029
A-16-H,0.059,0.029,0.118,0.0,0.176,0.473,2.973,0.272,-0.146,0.079,0.206,-0.029
A-16-P,0.059,0.029,0.118,0.0,0.176,0.47,2.951,0.272,-0.146,0.079,0.206,-0.029
A-16-L,0.059,0.029,0.118,0.0,0.176,0.479,3.008,0.272,-0.146,0.079,0.206,-0.029
A-16-E,0.059,0.029,0.147,0.0,0.176,0.46,2.879,0.272,-0.044,0.099,0.235,-0.059
A-16-D,0.059,0.029,0.118,0.029,0.176,0.461,2.888,0.272,-0.044,0.099,0.235,-0.059
V-17-K,0.088,0.029,0.118,0.0,0.176,0.467,2.928,0.272,-0.224,0.058,0.235,0.0
V-17-N,0.059,0.029,0.118,0.0,0.176,0.474,2.978,0.272,-0.146,0.079,0.206,-0.029
V-17-T,0.059,0.029,0.118,0.0,0.176,0.472,2.967,0.272,-0.146,0.079,0.206,-0.029
V-17-R,0.059,0.059,0.118,0.0,0.176,0.483,3.039,0.272,-0.224,0.058,0.235,0.0
V-17-S,0.059,0.029,0.118,0.0,0.176,0.475,2.985,0.272,-0.146,0.079,0.206,-0.029
V-17-M,0.059,0.029,0.118,0.0,0.176,0.477,2.999,0.272,-0.146,0.079,0.206,-0.029
V-17-I,0.059,0.029,0.118,0.0,0.176,0.478,3.001,0.272,-0.146,0.079,0.206,-0.029
V-17-Q,0.059,0.029,0.118,0.0,0.176,0.473,2.971,0.272,-0.146,0.079,0.206,-0.029
V-17-H,0.059,0.029,0.118,0.0,0.176,0.475,2.986,0.272,-0.146,0.079,0.206,-0.029
V-17-P,0.059,0.029,0.118,0.0,0.176,0.472,2.964,0.272,-0.146,0.079,0.206,-0.029
V-17-L,0.059,0.029,0.118,0.0,0.176,0.48,3.022,0.272,-0.146,0.079,0.206,-0.029
V-17-E,0.059,0.029,0.147,0.0,0.176,0.462,2.892,0.272,-0.067,0.121,0.235,-0.059
V-17-D,0.059,0.029,0.118,0.029,0.176,0.463,2.901,0.272,-0.067,0.121,0.235,-0.059
V-17-A,0.059,0.029,0.118,0.0,0.176,0.47,2.947,0.272,-0.146,0.079,0.206,-0.029
V-17-G,0.059,0.029,0.118,0.0,0.176,0.482,3.034,0.272,-0.146,0.079,0.206,-0.029
E-18-K,0.088,0.029,0.088,0.0,0.176,0.473,2.97,0.272,-0.223,0.131,0.206,0.029
E-18-N,0.059,0.029,0.088,0.0,0.176,0.48,3.019,0.272,-0.184,0.076,0.176,0.0
E-18-T,0.059,0.029,0.088,0.0,0.176,0.479,3.008,0.272,-0.184,0.076,0.176,0.0
E-18-R,0.059,0.059,0.088,0.0,0.176,0.489,3.081,0.272,-0.223,0.131,0.206,0.029
E-18-S,0.059,0.029,0.088,0.0,0.176,0.481,3.027,0.272,-0.184,0.076,0.176,0.0
E-18-M,0.059,0.029,0.088,0.0,0.176,0.483,3.04,0.272,-0.184,0.076,0.176,0.0
E-18-I,0.059,0.029,0.088,0.0,0.176,0.484,3.043,0.272,-0.184,0.076,0.176,0.0
E-18-Q,0.059,0.029,0.088,0.0,0.176,0.479,3.013,0.272,-0.184,0.076,0.176,0.0
E-18-H,0.059,0.029,0.088,0.0,0.176,0.481,3.028,0.272,-0.184,0.076,0.176,0.0
E-18-P,0.059,0.029,0.088,0.0,0.176,0.478,3.006,0.272,-0.184,0.076,0.176,0.0
E-18-L,0.059,0.029,0.088,0.0,0.176,0.487,3.063,0.272,-0.184,0.076,0.176,0.0
T-19-K,0.088,0.029,0.118,0.0,0.176,0.462,2.896,0.272,-0.204,0.043,0.235,0.0
T-19-N,0.059,0.029,0.118,0.0,0.176,0.469,2.945,0.272,-0.146,0.079,0.206,-0.029
L-20-K,0.088,0.029,0.118,0.0,0.176,0.454,2.841,0.272,-0.206,0.055,0.235,0.0
L-20-N,0.059,0.029,0.118,0.0,0.176,0.461,2.89,0.272,-0.146,0.079,0.206,-0.029
L-20-T,0.059,0.029,0.118,0.0,0.176,0.46,2.88,0.272,-0.146,0.079,0.206,-0.029
L-20-R,0.059,0.059,0.118,0.0,0.176,0.47,2.951,0.272,-0.206,0.055,0.235,0.0
L-20-S,0.059,0.029,0.118,0.0,0.176,0.462,2.898,0.272,-0.146,0.079,0.206,-0.029
L-20-M,0.059,0.029,0.118,0.0,0.176,0.464,2.912,0.272,-0.146,0.079,0.206,-0.029
L-20-I,0.059,0.029,0.118,0.0,0.176,0.465,2.914,0.272,-0.146,0.079,0.206,-0.029
L-20-Q,0.059,0.029,0.118,0.0,0.176,0.46,2.884,0.272,-0.146,0.079,0.206,-0.029
L-20-H,0.059,0.029,0.118,0.0,0.176,0.462,2.899,0.272,-0.146,0.079,0.206,-0.029
L-20-P,0.059,0.029,0.118,0.0,0.176,0.459,2.877,0.272,-0.146,0.079,0.206,-0.029
L-20-E,0.059,0.029,0.147,0.0,0.176,0.449,2.805,0.272,-0.085,0.146,0.235,-0.059
L-20-D,0.059,0.029,0.118,0.029,0.176,0.45,2.814,0.272,-0.085,0.146,0.235,-0.059
L-20-A,0.059,0.029,0.118,0.0,0.176,0.457,2.86,0.272,-0.146,0.079,0.206,-0.029
L-20-G,0.059,0.029,0.118,0.0,0.176,0.47,2.947,0.272,-0.146,0.079,0.206,-0.029
L-20-V,0.059,0.029,0.118,0.0,0.176,0.455,2.847,0.272,-0.146,0.079,0.206,-0.029
L-20-Y,0.059,0.029,0.118,0.0,0.206,0.477,3.001,0.172,-0.146,0.079,0.206,-0.029
L-20-W,0.059,0.029,0.118,0.0,0.206,0.478,3.003,0.172,-0.146,0.079,0.206,-0.029
L-20-C,0.059,0.029,0.118,0.0,0.176,0.465,2.918,0.272,-0.146,0.079,0.206,-0.029
I-21-K,0.088,0.029,0.118,0.0,0.176,0.457,2.862,0.272,-0.207,0.07,0.235,0.0
I-21-N,0.059,0.029,0.118,0.0,0.176,0.464,2.911,0.272,-0.146,0.079,0.206,-0.029
I-21-T,0.059,0.029,0.118,0.0,0.176,0.463,2.9,0.272,-0.146,0.079,0.206,-0.029
I-21-R,0.059,0.059,0.118,0.0,0.176,0.473,2.972,0.272,-0.207,0.07,0.235,0.0
I-21-S,0.059,0.029,0.118,0.0,0.176,0.465,2.918,0.272,-0.146,0.079,0.206,-0.029
I-21-M,0.059,0.029,0.118,0.0,0.176,0.467,2.932,0.272,-0.146,0.079,0.206,-0.029
C-22-K,0.088,0.029,0.118,0.0,0.176,0.456,2.858,0.272,-0.205,0.085,0.235,0.0
C-22-N,0.059,0.029,0.118,0.0,0.176,0.464,2.907,0.272,-0.146,0.079,0.206,-0.029
C-22-T,0.059,0.029,0.118,0.0,0.176,0.462,2.896,0.272,-0.146,0.079,0.206,-0.029
C-22-R,0.059,0.059,0.118,0.0,0.176,0.473,2.968,0.272,-0.205,0.085,0.235,0.0
C-22-S,0.059,0.029,0.118,0.0,0.176,0.465,2.914,0.272,-0.146,0.079,0.206,-0.029
C-22-I,0.059,0.029,0.118,0.0,0.176,0.467,2.93,0.272,-0.146,0.079,0.206,-0.029
C-22-Q,0.059,0.029,0.118,0.0,0.176,0.463,2.901,0.272,-0.146,0.079,0.206,-0.029
C-22-H,0.059,0.029,0.118,0.0,0.176,0.465,2.915,0.272,-0.146,0.079,0.206,-0.029
C-22-P,0.059,0.029,0.118,0.0,0.176,0.462,2.894,0.272,-0.146,0.079,0.206,-0.029
C-22-L,0.059,0.029,0.118,0.0,0.176,0.47,2.951,0.272,-0.146,0.079,0.206,-0.029
C-22-E,0.059,0.029,0.147,0.0,0.176,0.451,2.823,0.272,-0.086,0.115,0.235,-0.059
C-22-D,0.059,0.029,0.118,0.029,0.176,0.452,2.831,0.272,-0.086,0.115,0.235,-0.059
C-22-A,0.059,0.029,0.118,0.0,0.176,0.459,2.877,0.272,-0.146,0.079,0.206,-0.029
C-22-G,0.059,0.029,0.118,0.0,0.176,0.472,2.963,0.272,-0.146,0.079,0.206,-0.029
C-22-V,0.059,0.029,0.118,0.0,0.176,0.457,2.864,0.272,-0.146,0.079,0.206,-0.029
C-22-Y,0.059,0.029,0.118,0.0,0.206,0.48,3.017,0.238,-0.146,0.079,0.206,-0.029
C-22-W,0.059,0.029,0.118,0.0,0.206,0.48,3.019,0.238,-0.146,0.079,0.206,-0.029
F-23-K,0.088,0.029,0.118,0.0,0.147,0.447,2.798,0.393,-0.203,0.1,0.235,0.0
F-23-N,0.059,0.029,0.118,0.0,0.147,0.455,2.847,0.393,-0.146,0.079,0.206,-0.029
F-23-R,0.059,0.059,0.118,0.0,0.147,0.464,2.907,0.393,-0.203,0.1,0.235,0.0
F-23-S,0.059,0.029,0.118,0.0,0.147,0.456,2.854,0.393,-0.146,0.079,0.206,-0.029
F-23-M,0.059,0.029,0.118,0.0,0.147,0.458,2.868,0.393,-0.146,0.079,0.206,-0.029
F-23-I,0.059,0.029,0.118,0.0,0.147,0.458,2.87,0.393,-0.146,0.079,0.206,-0.029
F-23-Q,0.059,0.029,0.118,0.0,0.147,0.454,2.841,0.393,-0.146,0.079,0.206,-0.029
F-23-H,0.059,0.029,0.118,0.0,0.147,0.456,2.855,0.393,-0.146,0.079,0.206,-0.029
F-23-P,0.059,0.029,0.118,0.0,0.147,0.453,2.834,0.393,-0.146,0.079,0.206,-0.029
F-23-L,0.059,0.029,0.118,0.0,0.147,0.461,2.89,0.393,-0.146,0.079,0.206,-0.029
F-23-E,0.059,0.029,0.147,0.0,0.147,0.442,2.763,0.393,-0.088,0.099,0.235,-0.059
F-23-D,0.059,0.029,0.118,0.029,0.147,0.443,2.771,0.393,-0.088,0.099,0.235,-0.059
F-23-A,0.059,0.029,0.118,0.0,0.147,0.45,2.817,0.393,-0.146,0.079,0.206,-0.029
F-23-G,0.059,0.029,0.118,0.0,0.147,0.463,2.902,0.393,-0.146,0.079,0.206,-0.029
F-23-V,0.059,0.029,0.118,0.0,0.147,0.448,2.804,0.393,-0.146,0.079,0.206,-0.029
F-23-Y,0.059,0.029,0.118,0.0,0.176,0.471,2.956,0.272,-0.146,0.079,0.206,-0.029
F-23-W,0.059,0.029,0.118,0.0,0.176,0.471,2.958,0.272,-0.146,0.079,0.206,-0.029
F-23-C,0.059,0.029,0.118,0.0,0.147,0.459,2.874,0.393,-0.146,0.079,0.206,-0.029
N-24-K,0.088,0.029,0.118,0.0,0.176,0.46,2.886,0.272,-0.2,0.106,0.235,0.0
L-25-K,0.088,0.029,0.118,0.0,0.176,0.454,2.844,0.272,-0.197,0.106,0.235,0.0
L-25-N,0.059,0.029,0.118,0.0,0.176,0.461,2.892,0.272,-0.146,0.079,0.206,-0.029
L-25-T,0.059,0.029,0.118,0.0,0.176,0.46,2.881,0.272,-0.146,0.079,0.206,-0.029
L-25-R,0.059,0.059,0.118,0.0,0.176,0.47,2.951,0.272,-0.197,0.106,0.235,0.0
L-25-S,0.059,0.029,0.118,0.0,0.176,0.462,2.899,0.272,-0.146,0.079,0.206,-0.029
L-25-M,0.059,0.029,0.118,0.0,0.176,0.464,2.912,0.272,-0.146,0.079,0.206,-0.029
L-25-I,0.059,0.029,0.118,0.0,0.176,0.465,2.914,0.272,-0.146,0.079,0.206,-0.029
L-25-Q,0.059,0.029,0.118,0.0,0.176,0.46,2.885,0.272,-0.146,0.079,0.206,-0.029
L-25-H,0.059,0.029,0.118,0.0,0.176,0.462,2.9,0.272,-0.146,0.079,0.206,-0.029
L-25-P,0.059,0.029,0.118,0.0,0.176,0.459,2.879,0.272,-0.146,0.079,0.206,-0.029
L-25-E,0.059,0.029,0.147,0.0,0.176,0.449,2.809,0.272,-0.094,0.093,0.235,-0.059
L-25-D,0.059,0.029,0.118,0.029,0.176,0.45,2.817,0.272,-0.094,0.093,0.235,-0.059
L-25-A,0.059,0.029,0.118,0.0,0.176,0.457,2.862,0.272,-0.146,0.079,0.206,-0.029
L-25-G,0.059,0.029,0.118,0.0,0.176,0.47,2.946,0.272,-0.146,0.079,0.206,-0.029
L-25-V,0.059,0.029,0.118,0.0,0.176,0.455,2.85,0.272,-0.146,0.079,0.206,-0.029
L-25-Y,0.059,0.029,0.118,0.0,0.206,0.477,2.999,0.28,-0.146,0.079,0.206,-0.029
L-25-W,0.059,0.029,0.118,0.0,0.206,0.478,3.001,0.28,-0.146,0.079,0.206,-0.029
L-25-C,0.059,0.029,0.118,0.0,0.176,0.465,2.918,0.272,-0.146,0.079,0.206,-0.029
F-26-K,0.088,0.029,0.118,0.0,0.147,0.447,2.802,0.393,-0.193,0.1,0.235,0.0
F-26-N,0.059,0.029,0.118,0.0,0.147,0.455,2.849,0.393,-0.146,0.079,0.206,-0.029
F-26-T,0.059,0.029,0.118,0.0,0.147,0.453,2.839,0.393,-0.146,0.079,0.206,-0.029
F-26-R,0.059,0.059,0.118,0.0,0.147,0.464,2.908,0.393,-0.193,0.1,0.235,0.0
F-26-S,0.059,0.029,0.118,0.0,0.147,0.456,2.856,0.393,-0.146,0.079,0.206,-0.029
F-26-M,0.059,0.029,0.118,0.0,0.147,0.458,2.869,0.393,-0.146,0.079,0.206,-0.029
F-26-I,0.059,0.029,0.118,0.0,0.147,0.458,2.872,0.393,-0.146,0.079,0.206,-0.029
F-26-Q,0.059,0.029,0.118,0.0,0.147,0.454,2.843,0.393,-0.146,0.079,0.206,-0.029
F-26-H,0.059,0.029,0.118,0.0,0.147,0.456,2.857,0.393,-0.146,0.079,0.206,-0.029
F-26-P,0.059,0.029,0.118,0.0,0.147,0.453,2.837,0.393,-0.146,0.079,0.206,-0.029
F-26-L,0.059,0.029,0.118,0.0,0.147,0.461,2.891,0.393,-0.146,0.079,0.206,-0.029
F-26-E,0.059,0.029,0.147,0.0,0.147,0.442,2.768,0.393,-0.099,0.099,0.235,-0.059
F-26-D,0.059,0.029,0.118,0.029,0.147,0.443,2.775,0.393,-0.099,0.099,0.235,-0.059
F-26-A,0.059,0.029,0.118,0.0,0.147,0.45,2.82,0.393,-0.146,0.079,0.206,-0.029
F-26-G,0.059,0.029,0.118,0.0,0.147,0.463,2.903,0.393,-0.146,0.079,0.206,-0.029
F-26-V,0.059,0.029,0.118,0.0,0.147,0.448,2.808,0.393,-0.146,0.079,0.206,-0.029
F-26-Y,0.059,0.029,0.118,0.0,0.176,0.471,2.955,0.272,-0.146,0.079,0.206,-0.029
F-26-W,0.059,0.029,0.118,0.0,0.176,0.471,2.958,0.272,-0.146,0.079,0.206,-0.029
F-26-C,0.059,0.029,0.118,0.0,0.147,0.459,2.875,0.393,-0.146,0.079,0.206,-0.029
L-27-K,0.088,0.029,0.118,0.0,0.176,0.454,2.846,0.272,-0.188,0.088,0.235,0.0
L-27-N,0.059,0.029,0.118,0.0,0.176,0.461,2.893,0.272,-0.146,0.079,0.206,-0.029
L-27-T,0.059,0.029,0.118,0.0,0.176,0.46,2.882,0.272,-0.146,0.079,0.206,-0.029
L-27-R,0.059,0.059,0.118,0.0,0.176,0.47,2.951,0.272,-0.188,0.088,0.235,0.0
L-27-S,0.059,0.029,0.118,0.0,0.176,0.462,2.9,0.272,-0.146,0.079,0.206,-0.029
L-27-M,0.059,0.029,0.118,0.0,0.176,0.464,2.913,0.272,-0.146,0.079,0.206,-0.029
L-27-I,0.059,0.029,0.118,0.0,0.176,0.465,2.915,0.272,-0.146,0.079,0.206,-0.029
L-27-Q,0.059,0.029,0.118,0.0,0.176,0.46,2.887,0.272,-0.146,0.079,0.206,-0.029
L-27-H,0.059,0.029,0.118,0.0,0.176,0.462,2.9,0.272,-0.146,0.079,0.206,-0.029
L-27-P,0.059,0.029,0.118,0.0,0.176,0.459,2.88,0.272,-0.146,0.079,0.206,-0.029
L-27-E,0.059,0.029,0.147,0.0,0.176,0.449,2.812,0.272,-0.103,0.106,0.235,-0.059
L-27-D,0.059,0.029,0.118,0.029,0.176,0.45,2.82,0.272,-0.103,0.106,0.235,-0.059
L-27-A,0.059,0.029,0.118,0.0,0.176,0.457,2.864,0.272,-0.146,0.079,0.206,-0.029
L-27-G,0.059,0.029,0.118,0.0,0.176,0.47,2.946,0.272,-0.146,0.079,0.206,-0.029
L-27-V,0.059,0.029,0.118,0.0,0.176,0.455,2.852,0.272,-0.146,0.079,0.206,-0.029
L-27-Y,0.059,0.029,0.118,0.0,0.206,0.477,2.997,0.238,-0.146,0.079,0.206,-0.029
L-27-W,0.059,0.029,0.118,0.0,0.206,0.478,3.0,0.238,-0.146,0.079,0.206,-0.029
L-27-C,0.059,0.029,0.118,0.0,0.176,0.465,2.919,0.272,-0.146,0.079,0.206,-0.029
S-29-K,0.088,0.029,0.118,0.0,0.176,0.459,2.882,0.272,-0.175,0.074,0.235,0.0
S-29-N,0.059,0.029,0.118,0.0,0.176,0.467,2.927,0.272,-0.146,0.079,0.206,-0.029
S-29-T,0.059,0.029,0.118,0.0,0.176,0.465,2.917,0.272,-0.146,0.079,0.206,-0.029
S-29-R,0.059,0.059,0.118,0.0,0.176,0.476,2.983,0.272,-0.175,0.074,0.235,0.0
Q-30-K,0.088,0.029,0.118,0.0,0.176,0.461,2.896,0.272,-0.166,0.066,0.235,0.0
Q-30-N,0.059,0.029,0.118,0.0,0.176,0.469,2.94,0.272,-0.146,0.079,0.206,-0.029
Q-30-T,0.059,0.029,0.118,0.0,0.176,0.467,2.93,0.272,-0.146,0.079,0.206,-0.029
Q-30-R,0.059,0.059,0.118,0.0,0.176,0.478,2.994,0.272,-0.166,0.066,0.235,0.0
Q-30-S,0.059,0.029,0.118,0.0,0.176,0.47,2.946,0.272,-0.146,0.079,0.206,-0.029
Q-30-M,0.059,0.029,0.118,0.0,0.176,0.472,2.959,0.272,-0.146,0.079,0.206,-0.029
Q-30-I,0.059,0.029,0.118,0.0,0.176,0.472,2.961,0.272,-0.146,0.079,0.206,-0.029
E-31-K,0.088,0.029,0.088,0.0,0.176,0.473,2.965,0.272,-0.139,0.153,0.206,0.029
E-31-N,0.059,0.029,0.088,0.0,0.176,0.48,3.007,0.272,-0.142,0.118,0.176,0.0
E-31-T,0.059,0.029,0.088,0.0,0.176,0.479,2.998,0.272,-0.142,0.118,0.176,0.0
E-31-R,0.059,0.059,0.088,0.0,0.176,0.489,3.059,0.272,-0.139,0.153,0.206,0.029
E-31-S,0.059,0.029,0.088,0.0,0.176,0.481,3.013,0.272,-0.142,0.118,0.176,0.0
E-31-M,0.059,0.029,0.088,0.0,0.176,0.483,3.025,0.272,-0.142,0.118,0.176,0.0
E-31-I,0.059,0.029,0.088,0.0,0.176,0.484,3.027,0.272,-0.142,0.118,0.176,0.0
E-31-Q,0.059,0.029,0.088,0.0,0.176,0.479,3.001,0.272,-0.142,0.118,0.176,0.0
E-31-H,0.059,0.029,0.088,0.0,0.176,0.481,3.014,0.272,-0.142,0.118,0.176,0.0
E-31-P,0.059,0.029,0.088,0.0,0.176,0.478,2.996,0.272,-0.142,0.118,0.176,0.0
E-31-L,0.059,0.029,0.088,0.0,0.176,0.487,3.044,0.272,-0.142,0.118,0.176,0.0
H-33-K,0.088,0.029,0.118,0.0,0.176,0.459,2.891,0.272,-0.164,0.066,0.235,0.0
H-33-N,0.059,0.029,0.118,0.0,0.176,0.466,2.928,0.272,-0.146,0.079,0.206,-0.029
H-33-T,0.059,0.029,0.118,0.0,0.176,0.465,2.92,0.272,-0.146,0.079,0.206,-0.029
H-33-R,0.059,0.059,0.118,0.0,0.176,0.475,2.973,0.272,-0.164,0.066,0.235,0.0
H-33-S,0.059,0.029,0.118,0.0,0.176,0.468,2.934,0.272,-0.146,0.079,0.206,-0.029
H-33-M,0.059,0.029,0.118,0.0,0.176,0.47,2.944,0.272,-0.146,0.079,0.206,-0.029
H-33-I,0.059,0.029,0.118,0.0,0.176,0.47,2.945,0.272,-0.146,0.079,0.206,-0.029
H-33-Q,0.059,0.029,0.118,0.0,0.176,0.466,2.923,0.272,-0.146,0.079,0.206,-0.029
Y-34-K,0.088,0.029,0.118,0.0,0.147,0.444,2.838,0.383,-0.132,0.106,0.176,0.0
Y-34-N,0.059,0.029,0.118,0.0,0.147,0.451,2.868,0.383,-0.146,0.079,0.206,-0.029
Y-34-T,0.059,0.029,0.118,0.0,0.147,0.45,2.861,0.383,-0.146,0.079,0.206,-0.029
Y-34-R,0.059,0.059,0.118,0.0,0.147,0.46,2.904,0.383,-0.132,0.106,0.176,0.0
Y-34-S,0.059,0.029,0.118,0.0,0.147,0.453,2.872,0.383,-0.146,0.079,0.206,-0.029
Y-34-M,0.059,0.029,0.118,0.0,0.147,0.455,2.88,0.383,-0.146,0.079,0.206,-0.029
Y-34-I,0.059,0.029,0.118,0.0,0.147,0.455,2.882,0.383,-0.146,0.079,0.206,-0.029
Y-34-Q,0.059,0.029,0.118,0.0,0.147,0.451,2.864,0.383,-0.146,0.079,0.206,-0.029
Y-34-H,0.059,0.029,0.118,0.0,0.147,0.453,2.873,0.383,-0.146,0.079,0.206,-0.029
Y-34-P,0.059,0.029,0.118,0.0,0.147,0.45,2.86,0.383,-0.146,0.079,0.206,-0.029
Y-34-L,0.059,0.029,0.118,0.0,0.147,0.458,2.894,0.383,-0.146,0.079,0.206,-0.029
Y-34-E,0.059,0.029,0.147,0.0,0.147,0.439,2.817,0.383,-0.159,0.079,0.235,-0.059
Y-34-D,0.059,0.029,0.118,0.029,0.147,0.44,2.822,0.383,-0.159,0.079,0.235,-0.059
Y-34-A,0.059,0.029,0.118,0.0,0.147,0.447,2.85,0.383,-0.146,0.079,0.206,-0.029
Y-34-G,0.059,0.029,0.118,0.0,0.147,0.46,2.901,0.383,-0.146,0.079,0.206,-0.029
Y-34-V,0.059,0.029,0.118,0.0,0.147,0.445,2.842,0.383,-0.146,0.079,0.206,-0.029
Y-34-W,0.059,0.029,0.118,0.0,0.176,0.468,2.936,0.272,-0.146,0.079,0.206,-0.029
Y-34-C,0.059,0.029,0.118,0.0,0.147,0.455,2.884,0.383,-0.146,0.079,0.206,-0.029
Y-34-F,0.059,0.029,0.118,0.0,0.176,0.464,2.921,0.272,-0.146,0.079,0.206,-0.029
H-33-P,0.059,0.029,0.118,0.0,0.176,0.465,2.918,0.272,-0.146,0.079,0.206,-0.029
H-33-L,0.059,0.029,0.118,0.0,0.176,0.473,2.961,0.272,-0.146,0.079,0.206,-0.029
H-33-E,0.059,0.029,0.147,0.0,0.176,0.454,2.865,0.272,-0.128,0.064,0.235,-0.059
H-33-D,0.059,0.029,0.118,0.029,0.176,0.455,2.871,0.272,-0.128,0.064,0.235,-0.059
H-33-A,0.059,0.029,0.118,0.0,0.176,0.462,2.906,0.272,-0.146,0.079,0.206,-0.029
H-33-G,0.059,0.029,0.118,0.0,0.176,0.475,2.97,0.272,-0.146,0.079,0.206,-0.029
H-33-V,0.059,0.029,0.118,0.0,0.176,0.46,2.896,0.272,-0.146,0.079,0.206,-0.029
H-33-Y,0.059,0.029,0.118,0.0,0.206,0.483,3.01,0.219,-0.146,0.079,0.206,-0.029
H-33-W,0.059,0.029,0.118,0.0,0.206,0.483,3.012,0.219,-0.146,0.079,0.206,-0.029
H-33-C,0.059,0.029,0.118,0.0,0.176,0.47,2.948,0.272,-0.146,0.079,0.206,-0.029
H-33-F,0.059,0.029,0.118,0.0,0.206,0.479,2.994,0.219,-0.146,0.079,0.206,-0.029
K-32-N,0.029,0.029,0.118,0.0,0.176,0.475,2.974,0.272,-0.099,0.154,0.176,-0.059
K-32-T,0.029,0.029,0.118,0.0,0.176,0.473,2.965,0.272,-0.099,0.154,0.176,-0.059
K-32-R,0.029,0.059,0.118,0.0,0.176,0.484,3.024,0.272,-0.146,0.079,0.206,-0.029
K-32-S,0.029,0.029,0.118,0.0,0.176,0.476,2.98,0.272,-0.099,0.154,0.176,-0.059
K-32-M,0.029,0.029,0.118,0.0,0.176,0.478,2.991,0.272,-0.099,0.154,0.176,-0.059
K-32-I,0.029,0.029,0.118,0.0,0.176,0.478,2.993,0.272,-0.099,0.154,0.176,-0.059
K-32-Q,0.029,0.029,0.118,0.0,0.176,0.474,2.969,0.272,-0.099,0.154,0.176,-0.059
K-32-H,0.029,0.029,0.118,0.0,0.176,0.476,2.981,0.272,-0.099,0.154,0.176,-0.059
K-32-P,0.029,0.029,0.118,0.0,0.176,0.473,2.963,0.272,-0.099,0.154,0.176,-0.059
K-32-L,0.029,0.029,0.118,0.0,0.176,0.481,3.01,0.272,-0.099,0.154,0.176,-0.059
K-32-E,0.029,0.029,0.147,0.0,0.176,0.462,2.905,0.272,-0.052,0.203,0.206,-0.088
K-32-D,0.029,0.029,0.118,0.029,0.176,0.464,2.912,0.272,-0.052,0.203,0.206,-0.088
K-32-A,0.029,0.029,0.118,0.0,0.176,0.47,2.95,0.272,-0.099,0.154,0.176,-0.059
K-32-G,0.029,0.029,0.118,0.0,0.176,0.483,3.02,0.272,-0.099,0.154,0.176,-0.059
K-32-V,0.029,0.029,0.118,0.0,0.176,0.469,2.939,0.272,-0.099,0.154,0.176,-0.059
K-32-Y,0.029,0.029,0.118,0.0,0.206,0.491,3.064,0.18,-0.099,0.154,0.176,-0.059
K-32-W,0.029,0.029,0.118,0.0,0.206,0.492,3.066,0.18,-0.099,0.154,0.176,-0.059
K-32-C,0.029,0.029,0.118,0.0,0.176,0.479,2.996,0.272,-0.099,0.154,0.176,-0.059
K-32-F,0.029,0.029,0.118,0.0,0.206,0.488,3.046,0.18,-0.099,0.154,0.176,-0.059
E-31-D,0.059,0.029,0.088,0.029,0.176,0.469,2.941,0.272,-0.146,0.079,0.206,-0.029
E-31-A,0.059,0.029,0.088,0.0,0.176,0.476,2.981,0.272,-0.142,0.118,0.176,0.0
E-31-G,0.059,0.029,0.088,0.0,0.176,0.488,3.055,0.272,-0.142,0.118,0.176,0.0
E-31-V,0.059,0.029,0.088,0.0,0.176,0.474,2.97,0.272,-0.142,0.118,0.176,0.0
E-31-Y,0.059,0.029,0.088,0.0,0.206,0.496,3.102,0.163,-0.142,0.118,0.176,0.0
E-31-W,0.059,0.029,0.088,0.0,0.206,0.497,3.104,0.163,-0.142,0.118,0.176,0.0
E-31-C,0.059,0.029,0.088,0.0,0.176,0.484,3.03,0.272,-0.142,0.118,0.176,0.0
E-31-F,0.059,0.029,0.088,0.0,0.206,0.493,3.083,0.163,-0.142,0.118,0.176,0.0
Q-30-H,0.059,0.029,0.118,0.0,0.176,0.47,2.947,0.272,-0.146,0.079,0.206,-0.029
Q-30-P,0.059,0.029,0.118,0.0,0.176,0.467,2.928,0.272,-0.146,0.079,0.206,-0.029
Q-30-L,0.059,0.029,0.118,0.0,0.176,0.475,2.979,0.272,-0.146,0.079,0.206,-0.029
Q-30-E,0.059,0.029,0.147,0.0,0.176,0.456,2.864,0.272,-0.125,0.093,0.235,-0.059
Q-30-D,0.059,0.029,0.118,0.029,0.176,0.457,2.872,0.272,-0.125,0.093,0.235,-0.059
Q-30-A,0.059,0.029,0.118,0.0,0.176,0.464,2.913,0.272,-0.146,0.079,0.206,-0.029
Q-30-G,0.059,0.029,0.118,0.0,0.176,0.477,2.99,0.272,-0.146,0.079,0.206,-0.029
Q-30-V,0.059,0.029,0.118,0.0,0.176,0.462,2.901,0.272,-0.146,0.079,0.206,-0.029
Q-30-Y,0.059,0.029,0.118,0.0,0.206,0.485,3.038,0.17,-0.146,0.079,0.206,-0.029
Q-30-W,0.059,0.029,0.118,0.0,0.206,0.485,3.04,0.17,-0.146,0.079,0.206,-0.029
Q-30-C,0.059,0.029,0.118,0.0,0.176,0.473,2.964,0.272,-0.146,0.079,0.206,-0.029
Q-30-F,0.059,0.029,0.118,0.0,0.206,0.482,3.018,0.17,-0.146,0.079,0.206,-0.029
S-29-M,0.059,0.029,0.118,0.0,0.176,0.47,2.947,0.272,-0.146,0.079,0.206,-0.029
S-29-I,0.059,0.029,0.118,0.0,0.176,0.47,2.949,0.272,-0.146,0.079,0.206,-0.029
S-29-Q,0.059,0.029,0.118,0.0,0.176,0.466,2.922,0.272,-0.146,0.079,0.206,-0.029
S-29-H,0.059,0.029,0.118,0.0,0.176,0.468,2.935,0.272,-0.146,0.079,0.206,-0.029
S-29-P,0.059,0.029,0.118,0.0,0.176,0.465,2.915,0.272,-0.146,0.079,0.206,-0.029
S-29-L,0.059,0.029,0.118,0.0,0.176,0.473,2.967,0.272,-0.146,0.079,0.206,-0.029
S-29-E,0.059,0.029,0.147,0.0,0.176,0.454,2.85,0.272,-0.116,0.096,0.235,-0.059
S-29-D,0.059,0.029,0.118,0.029,0.176,0.455,2.857,0.272,-0.116,0.096,0.235,-0.059
S-29-A,0.059,0.029,0.118,0.0,0.176,0.462,2.9,0.272,-0.146,0.079,0.206,-0.029
S-29-G,0.059,0.029,0.118,0.0,0.176,0.475,2.979,0.272,-0.146,0.079,0.206,-0.029
S-29-V,0.059,0.029,0.118,0.0,0.176,0.46,2.888,0.272,-0.146,0.079,0.206,-0.029
S-29-Y,0.059,0.029,0.118,0.0,0.206,0.483,3.028,0.172,-0.146,0.079,0.206,-0.029
S-29-W,0.059,0.029,0.118,0.0,0.206,0.483,3.03,0.172,-0.146,0.079,0.206,-0.029
S-29-C,0.059,0.029,0.118,0.0,0.176,0.471,2.952,0.272,-0.146,0.079,0.206,-0.029
S-29-F,0.059,0.029,0.118,0.0,0.206,0.48,3.008,0.172,-0.146,0.079,0.206,-0.029
N-28-K,0.088,0.029,0.118,0.0,0.176,0.46,2.888,0.272,-0.182,0.082,0.235,0.0
N-28-T,0.059,0.029,0.118,0.0,0.176,0.466,2.924,0.272,-0.146,0.079,0.206,-0.029
N-28-R,0.059,0.059,0.118,0.0,0.176,0.477,2.991,0.272,-0.182,0.082,0.235,0.0
N-28-S,0.059,0.029,0.118,0.0,0.176,0.469,2.941,0.272,-0.146,0.079,0.206,-0.029
N-28-M,0.059,0.029,0.118,0.0,0.176,0.471,2.954,0.272,-0.146,0.079,0.206,-0.029
N-28-I,0.059,0.029,0.118,0.0,0.176,0.471,2.956,0.272,-0.146,0.079,0.206,-0.029
N-28-Q,0.059,0.029,0.118,0.0,0.176,0.467,2.928,0.272,-0.146,0.079,0.206,-0.029
N-28-H,0.059,0.029,0.118,0.0,0.176,0.469,2.942,0.272,-0.146,0.079,0.206,-0.029
N-28-P,0.059,0.029,0.118,0.0,0.176,0.466,2.922,0.272,-0.146,0.079,0.206,-0.029
N-28-L,0.059,0.029,0.118,0.0,0.176,0.474,2.975,0.272,-0.146,0.079,0.206,-0.029
N-28-E,0.059,0.029,0.147,0.0,0.176,0.455,2.855,0.272,-0.109,0.1,0.235,-0.059
N-28-D,0.059,0.029,0.118,0.029,0.176,0.456,2.863,0.272,-0.109,0.1,0.235,-0.059
N-28-A,0.059,0.029,0.118,0.0,0.176,0.463,2.906,0.272,-0.146,0.079,0.206,-0.029
N-28-G,0.059,0.029,0.118,0.0,0.176,0.476,2.986,0.272,-0.146,0.079,0.206,-0.029
N-28-V,0.059,0.029,0.118,0.0,0.176,0.461,2.894,0.272,-0.146,0.079,0.206,-0.029
N-28-Y,0.059,0.029,0.118,0.0,0.206,0.484,3.037,0.196,-0.146,0.079,0.206,-0.029
N-28-W,0.059,0.029,0.118,0.0,0.206,0.484,3.039,0.196,-0.146,0.079,0.206,-0.029
N-28-C,0.059,0.029,0.118,0.0,0.176,0.472,2.959,0.272,-0.146,0.079,0.206,-0.029
N-28-F,0.059,0.029,0.118,0.0,0.206,0.481,3.017,0.196,-0.146,0.079,0.206,-0.029
L-27-F,0.059,0.029,0.118,0.0,0.206,0.474,2.976,0.238,-0.146,0.079,0.206,-0.029
L-25-F,0.059,0.029,0.118,0.0,0.206,0.474,2.978,0.28,-0.146,0.079,0.206,-0.029
N-24-T,0.059,0.029,0.118,0.0,0.176,0.466,2.924,0.272,-0.146,0.079,0.206,-0.029
N-24-R,0.059,0.059,0.118,0.0,0.176,0.477,2.994,0.272,-0.2,0.106,0.235,0.0
N-24-S,0.059,0.029,0.118,0.0,0.176,0.469,2.941,0.272,-0.146,0.079,0.206,-0.029
N-24-M,0.059,0.029,0.118,0.0,0.176,0.471,2.955,0.272,-0.146,0.079,0.206,-0.029
N-24-I,0.059,0.029,0.118,0.0,0.176,0.471,2.957,0.272,-0.146,0.079,0.206,-0.029
N-24-Q,0.059,0.029,0.118,0.0,0.176,0.467,2.928,0.272,-0.146,0.079,0.206,-0.029
N-24-H,0.059,0.029,0.118,0.0,0.176,0.469,2.942,0.272,-0.146,0.079,0.206,-0.029
N-24-P,0.059,0.029,0.118,0.0,0.176,0.466,2.921,0.272,-0.146,0.079,0.206,-0.029
N-24-L,0.059,0.029,0.118,0.0,0.176,0.474,2.977,0.272,-0.146,0.079,0.206,-0.029
N-24-E,0.059,0.029,0.147,0.0,0.176,0.455,2.851,0.272,-0.091,0.093,0.235,-0.059
N-24-D,0.059,0.029,0.118,0.029,0.176,0.456,2.859,0.272,-0.091,0.093,0.235,-0.059
N-24-A,0.059,0.029,0.118,0.0,0.176,0.463,2.904,0.272,-0.146,0.079,0.206,-0.029
N-24-G,0.059,0.029,0.118,0.0,0.176,0.476,2.989,0.272,-0.146,0.079,0.206,-0.029
N-24-V,0.059,0.029,0.118,0.0,0.176,0.461,2.892,0.272,-0.146,0.079,0.206,-0.029
N-24-Y,0.059,0.029,0.118,0.0,0.206,0.484,3.042,0.28,-0.146,0.079,0.206,-0.029
N-24-W,0.059,0.029,0.118,0.0,0.206,0.484,3.045,0.28,-0.146,0.079,0.206,-0.029
N-24-C,0.059,0.029,0.118,0.0,0.176,0.472,2.961,0.272,-0.146,0.079,0.206,-0.029
N-24-F,0.059,0.029,0.118,0.0,0.206,0.481,3.021,0.28,-0.146,0.079,0.206,-0.029
C-22-F,0.059,0.029,0.118,0.0,0.206,0.477,2.995,0.238,-0.146,0.079,0.206,-0.029
I-21-Q,0.059,0.029,0.118,0.0,0.176,0.463,2.904,0.272,-0.146,0.079,0.206,-0.029
I-21-H,0.059,0.029,0.118,0.0,0.176,0.465,2.919,0.272,-0.146,0.079,0.206,-0.029
I-21-P,0.059,0.029,0.118,0.0,0.176,0.462,2.898,0.272,-0.146,0.079,0.206,-0.029
I-21-L,0.059,0.029,0.118,0.0,0.176,0.471,2.954,0.272,-0.146,0.079,0.206,-0.029
I-21-E,0.059,0.029,0.147,0.0,0.176,0.452,2.826,0.272,-0.085,0.13,0.235,-0.059
I-21-D,0.059,0.029,0.118,0.029,0.176,0.453,2.834,0.272,-0.085,0.13,0.235,-0.059
I-21-A,0.059,0.029,0.118,0.0,0.176,0.46,2.881,0.272,-0.146,0.079,0.206,-0.029
I-21-G,0.059,0.029,0.118,0.0,0.176,0.472,2.967,0.272,-0.146,0.079,0.206,-0.029
I-21-V,0.059,0.029,0.118,0.0,0.176,0.458,2.868,0.272,-0.146,0.079,0.206,-0.029
I-21-Y,0.059,0.029,0.118,0.0,0.206,0.48,3.021,0.196,-0.146,0.079,0.206,-0.029
I-21-W,0.059,0.029,0.118,0.0,0.206,0.481,3.023,0.196,-0.146,0.079,0.206,-0.029
I-21-C,0.059,0.029,0.118,0.0,0.176,0.468,2.938,0.272,-0.146,0.079,0.206,-0.029
I-21-F,0.059,0.029,0.118,0.0,0.206,0.477,2.999,0.196,-0.146,0.079,0.206,-0.029
L-20-F,0.059,0.029,0.118,0.0,0.206,0.474,2.979,0.172,-0.146,0.079,0.206,-0.029
T-19-R,0.059,0.059,0.118,0.0,0.176,0.478,3.006,0.272,-0.204,0.043,0.235,0.0
T-19-S,0.059,0.029,0.118,0.0,0.176,0.47,2.952,0.272,-0.146,0.079,0.206,-0.029
T-19-M,0.059,0.029,0.118,0.0,0.176,0.472,2.966,0.272,-0.146,0.079,0.206,-0.029
T-19-I,0.059,0.029,0.118,0.0,0.176,0.473,2.968,0.272,-0.146,0.079,0.206,-0.029
T-19-Q,0.059,0.029,0.118,0.0,0.176,0.468,2.939,0.272,-0.146,0.079,0.206,-0.029
T-19-H,0.059,0.029,0.118,0.0,0.176,0.47,2.953,0.272,-0.146,0.079,0.206,-0.029
T-19-P,0.059,0.029,0.118,0.0,0.176,0.467,2.932,0.272,-0.146,0.079,0.206,-0.029
T-19-L,0.059,0.029,0.118,0.0,0.176,0.476,2.989,0.272,-0.146,0.079,0.206,-0.029
T-19-E,0.059,0.029,0.147,0.0,0.176,0.457,2.86,0.272,-0.087,0.152,0.235,-0.059
T-19-D,0.059,0.029,0.118,0.029,0.176,0.458,2.868,0.272,-0.087,0.152,0.235,-0.059
T-19-A,0.059,0.029,0.118,0.0,0.176,0.465,2.915,0.272,-0.146,0.079,0.206,-0.029
T-19-G,0.059,0.029,0.118,0.0,0.176,0.478,3.001,0.272,-0.146,0.079,0.206,-0.029
T-19-V,0.059,0.029,0.118,0.0,0.176,0.463,2.901,0.272,-0.146,0.079,0.206,-0.029
T-19-Y,0.059,0.029,0.118,0.0,0.206,0.486,3.056,0.172,-0.146,0.079,0.206,-0.029
T-19-W,0.059,0.029,0.118,0.0,0.206,0.486,3.058,0.172,-0.146,0.079,0.206,-0.029
T-19-C,0.059,0.029,0.118,0.0,0.176,0.473,2.972,0.272,-0.146,0.079,0.206,-0.029
T-19-F,0.059,0.029,0.118,0.0,0.206,0.482,3.034,0.172,-0.146,0.079,0.206,-0.029
E-18-D,0.059,0.029,0.088,0.029,0.176,0.469,2.942,0.272,-0.146,0.079,0.206,-0.029
E-18-A,0.059,0.029,0.088,0.0,0.176,0.476,2.989,0.272,-0.184,0.076,0.176,0.0
E-18-G,0.059,0.029,0.088,0.0,0.176,0.488,3.076,0.272,-0.184,0.076,0.176,0.0
E-18-V,0.059,0.029,0.088,0.0,0.176,0.474,2.976,0.272,-0.184,0.076,0.176,0.0
E-18-Y,0.059,0.029,0.088,0.0,0.206,0.496,3.13,0.172,-0.184,0.076,0.176,0.0
E-18-W,0.059,0.029,0.088,0.0,0.206,0.497,3.132,0.172,-0.184,0.076,0.176,0.0
E-18-C,0.059,0.029,0.088,0.0,0.176,0.484,3.047,0.272,-0.184,0.076,0.176,0.0
E-18-F,0.059,0.029,0.088,0.0,0.206,0.493,3.108,0.172,-0.184,0.076,0.176,0.0
V-17-Y,0.059,0.029,0.118,0.0,0.206,0.49,3.088,0.195,-0.146,0.079,0.206,-0.029
V-17-W,0.059,0.029,0.118,0.0,0.206,0.491,3.091,0.195,-0.146,0.079,0.206,-0.029
V-17-C,0.059,0.029,0.118,0.0,0.176,0.478,3.005,0.272,-0.146,0.079,0.206,-0.029
V-17-F,0.059,0.029,0.118,0.0,0.206,0.487,3.066,0.195,-0.146,0.079,0.206,-0.029
A-16-G,0.059,0.029,0.118,0.0,0.176,0.48,3.021,0.272,-0.146,0.079,0.206,-0.029
A-16-V,0.059,0.029,0.118,0.0,0.176,0.466,2.921,0.272,-0.146,0.079,0.206,-0.029
A-16-Y,0.059,0.029,0.118,0.0,0.206,0.488,3.075,0.241,-0.146,0.079,0.206,-0.029
A-16-W,0.059,0.029,0.118,0.0,0.206,0.489,3.077,0.241,-0.146,0.079,0.206,-0.029
A-16-C,0.059,0.029,0.118,0.0,0.176,0.476,2.992,0.272,-0.146,0.079,0.206,-0.029
A-16-F,0.059,0.029,0.118,0.0,0.206,0.485,3.053,0.241,-0.146,0.079,0.206,-0.029
K-14-N,0.029,0.029,0.118,0.0,0.176,0.475,2.983,0.272,0.017,0.127,0.176,-0.059
K-14-T,0.029,0.029,0.118,0.0,0.176,0.473,2.972,0.272,0.017,0.127,0.176,-0.059
K-14-R,0.029,0.059,0.118,0.0,0.176,0.484,3.044,0.272,-0.146,0.079,0.206,-0.029
K-14-S,0.029,0.029,0.118,0.0,0.176,0.476,2.991,0.272,0.017,0.127,0.176,-0.059
K-14-M,0.029,0.029,0.118,0.0,0.176,0.478,3.004,0.272,0.017,0.127,0.176,-0.059
K-14-I,0.029,0.029,0.118,0.0,0.176,0.478,3.007,0.272,0.017,0.127,0.176,-0.059
K-14-Q,0.029,0.029,0.118,0.0,0.176,0.474,2.977,0.272,0.017,0.127,0.176,-0.059
K-14-H,0.029,0.029,0.118,0.0,0.176,0.476,2.991,0.272,0.017,0.127,0.176,-0.059
K-14-P,0.029,0.029,0.118,0.0,0.176,0.473,2.97,0.272,0.017,0.127,0.176,-0.059
K-14-L,0.029,0.029,0.118,0.0,0.176,0.481,3.027,0.272,0.017,0.127,0.176,-0.059
K-14-E,0.029,0.029,0.147,0.0,0.176,0.462,2.899,0.272,0.18,0.202,0.206,-0.088
K-14-D,0.029,0.029,0.118,0.029,0.176,0.464,2.907,0.272,0.18,0.202,0.206,-0.088
K-14-A,0.029,0.029,0.118,0.0,0.176,0.47,2.953,0.272,0.017,0.127,0.176,-0.059
K-14-G,0.029,0.029,0.118,0.0,0.176,0.483,3.039,0.272,0.017,0.127,0.176,-0.059
K-14-V,0.029,0.029,0.118,0.0,0.176,0.469,2.94,0.272,0.017,0.127,0.176,-0.059
K-14-Y,0.029,0.029,0.118,0.0,0.206,0.491,3.093,0.283,0.017,0.127,0.176,-0.059
K-14-W,0.029,0.029,0.118,0.0,0.206,0.492,3.096,0.283,0.017,0.127,0.176,-0.059
K-14-C,0.029,0.029,0.118,0.0,0.176,0.479,3.01,0.272,0.017,0.127,0.176,-0.059
K-14-F,0.029,0.029,0.118,0.0,0.206,0.488,3.071,0.283,0.017,0.127,0.176,-0.059
N-13-K,0.088,0.029,0.118,0.0,0.176,0.46,2.885,0.272,-0.284,0.085,0.235,0.0
N-13-T,0.059,0.029,0.118,0.0,0.176,0.466,2.923,0.272,-0.146,0.079,0.206,-0.029
N-13-R,0.059,0.059,0.118,0.0,0.176,0.477,2.995,0.272,-0.284,0.085,0.235,0.0
N-13-S,0.059,0.029,0.118,0.0,0.176,0.469,2.941,0.272,-0.146,0.079,0.206,-0.029
N-13-M,0.059,0.029,0.118,0.0,0.176,0.471,2.955,0.272,-0.146,0.079,0.206,-0.029
N-13-I,0.059,0.029,0.118,0.0,0.176,0.471,2.957,0.272,-0.146,0.079,0.206,-0.029
N-13-Q,0.059,0.029,0.118,0.0,0.176,0.467,2.928,0.272,-0.146,0.079,0.206,-0.029
N-13-H,0.059,0.029,0.118,0.0,0.176,0.469,2.942,0.272,-0.146,0.079,0.206,-0.029
N-13-P,0.059,0.029,0.118,0.0,0.176,0.466,2.921,0.272,-0.146,0.079,0.206,-0.029
N-13-L,0.059,0.029,0.118,0.0,0.176,0.474,2.977,0.272,-0.146,0.079,0.206,-0.029
N-13-E,0.059,0.029,0.147,0.0,0.176,0.455,2.85,0.272,-0.007,0.056,0.235,-0.059
N-13-D,0.059,0.029,0.118,0.029,0.176,0.456,2.858,0.272,-0.007,0.056,0.235,-0.059
N-13-A,0.059,0.029,0.118,0.0,0.176,0.463,2.904,0.272,-0.146,0.079,0.206,-0.029
N-13-G,0.059,0.029,0.118,0.0,0.176,0.476,2.99,0.272,-0.146,0.079,0.206,-0.029
N-13-V,0.059,0.029,0.118,0.0,0.176,0.461,2.891,0.272,-0.146,0.079,0.206,-0.029
N-13-Y,0.059,0.029,0.118,0.0,0.206,0.484,3.044,0.283,-0.146,0.079,0.206,-0.029
N-13-W,0.059,0.029,0.118,0.0,0.206,0.484,3.046,0.283,-0.146,0.079,0.206,-0.029
N-13-C,0.059,0.029,0.118,0.0,0.176,0.472,2.961,0.272,-0.146,0.079,0.206,-0.029
N-13-F,0.059,0.029,0.118,0.0,0.206,0.481,3.022,0.283,-0.146,0.079,0.206,-0.029
E-12-D,0.059,0.029,0.088,0.029,0.176,0.469,2.942,0.272,-0.146,0.079,0.206,-0.029
E-12-A,0.059,0.029,0.088,0.0,0.176,0.476,2.988,0.272,-0.26,0.188,0.176,0.0
E-12-G,0.059,0.029,0.088,0.0,0.176,0.488,3.073,0.272,-0.26,0.188,0.176,0.0
E-12-V,0.059,0.029,0.088,0.0,0.176,0.474,2.975,0.272,-0.26,0.188,0.176,0.0
E-12-Y,0.059,0.029,0.088,0.0,0.206,0.496,3.127,0.283,-0.26,0.188,0.176,0.0
E-12-W,0.059,0.029,0.088,0.0,0.206,0.497,3.129,0.283,-0.26,0.188,0.176,0.0
E-12-C,0.059,0.029,0.088,0.0,0.176,0.484,3.045,0.272,-0.26,0.188,0.176,0.0
E-12-F,0.059,0.029,0.088,0.0,0.206,0.493,3.105,0.283,-0.26,0.188,0.176,0.0
H-10-P,0.059,0.029,0.118,0.0,0.176,0.465,2.913,0.272,-0.146,0.079,0.206,-0.029
H-10-L,0.059,0.029,0.118,0.0,0.176,0.473,2.969,0.272,-0.146,0.079,0.206,-0.029
H-10-E,0.059,0.029,0.147,0.0,0.176,0.454,2.844,0.272,0.032,0.046,0.235,-0.059
H-10-D,0.059,0.029,0.118,0.029,0.176,0.455,2.852,0.272,0.032,0.046,0.235,-0.059
H-10-A,0.059,0.029,0.118,0.0,0.176,0.462,2.897,0.272,-0.146,0.079,0.206,-0.029
H-10-G,0.059,0.029,0.118,0.0,0.176,0.475,2.981,0.272,-0.146,0.079,0.206,-0.029
H-10-V,0.059,0.029,0.118,0.0,0.176,0.46,2.884,0.272,-0.146,0.079,0.206,-0.029
H-10-Y,0.059,0.029,0.118,0.0,0.206,0.483,3.033,0.287,-0.146,0.079,0.206,-0.029
H-10-W,0.059,0.029,0.118,0.0,0.206,0.483,3.036,0.287,-0.146,0.079,0.206,-0.029
H-10-C,0.059,0.029,0.118,0.0,0.176,0.47,2.953,0.272,-0.146,0.079,0.206,-0.029
H-10-F,0.059,0.029,0.118,0.0,0.206,0.479,3.012,0.287,-0.146,0.079,0.206,-0.029
R-9-L,0.059,0.0,0.118,0.0,0.176,0.465,2.917,0.272,0.072,0.08,0.176,-0.059
R-9-E,0.059,0.0,0.147,0.0,0.176,0.446,2.794,0.272,0.289,0.126,0.206,-0.088
R-9-D,0.059,0.0,0.118,0.029,0.176,0.447,2.802,0.272,0.289,0.126,0.206,-0.088
R-9-A,0.059,0.0,0.118,0.0,0.176,0.454,2.846,0.272,0.072,0.08,0.176,-0.059
R-9-G,0.059,0.0,0.118,0.0,0.176,0.467,2.929,0.272,0.072,0.08,0.176,-0.059
R-9-V,0.059,0.0,0.118,0.0,0.176,0.452,2.834,0.272,0.072,0.08,0.176,-0.059
R-9-Y,0.059,0.0,0.118,0.0,0.206,0.475,2.982,0.286,0.072,0.08,0.176,-0.059
R-9-W,0.059,0.0,0.118,0.0,0.206,0.475,2.984,0.286,0.072,0.08,0.176,-0.059
R-9-C,0.059,0.0,0.118,0.0,0.176,0.463,2.902,0.272,0.072,0.08,0.176,-0.059
R-9-F,0.059,0.0,0.118,0.0,0.206,0.472,2.96,0.286,0.072,0.08,0.176,-0.059
I-8-Q,0.059,0.029,0.118,0.0,0.176,0.463,2.906,0.272,-0.146,0.079,0.206,-0.029
I-8-H,0.059,0.029,0.118,0.0,0.176,0.465,2.92,0.272,-0.146,0.079,0.206,-0.029
I-8-P,0.059,0.029,0.118,0.0,0.176,0.462,2.899,0.272,-0.146,0.079,0.206,-0.029
I-8-L,0.059,0.029,0.118,0.0,0.176,0.471,2.953,0.272,-0.146,0.079,0.206,-0.029
I-8-E,0.059,0.029,0.147,0.0,0.176,0.452,2.831,0.272,0.052,0.045,0.235,-0.059
I-8-D,0.059,0.029,0.118,0.029,0.176,0.453,2.839,0.272,0.052,0.045,0.235,-0.059
I-8-A,0.059,0.029,0.118,0.0,0.176,0.46,2.883,0.272,-0.146,0.079,0.206,-0.029
I-8-G,0.059,0.029,0.118,0.0,0.176,0.472,2.965,0.272,-0.146,0.079,0.206,-0.029
I-8-V,0.059,0.029,0.118,0.0,0.176,0.458,2.871,0.272,-0.146,0.079,0.206,-0.029
I-8-Y,0.059,0.029,0.118,0.0,0.206,0.48,3.017,0.286,-0.146,0.079,0.206,-0.029
I-8-W,0.059,0.029,0.118,0.0,0.206,0.481,3.019,0.286,-0.146,0.079,0.206,-0.029
I-8-C,0.059,0.029,0.118,0.0,0.176,0.468,2.938,0.272,-0.146,0.079,0.206,-0.029
I-8-F,0.059,0.029,0.118,0.0,0.206,0.477,2.996,0.286,-0.146,0.079,0.206,-0.029
A-7-G,0.059,0.029,0.118,0.0,0.176,0.48,3.015,0.272,-0.146,0.079,0.206,-0.029
A-7-V,0.059,0.029,0.118,0.0,0.176,0.466,2.922,0.272,-0.146,0.079,0.206,-0.029
A-7-Y,0.059,0.029,0.118,0.0,0.206,0.488,3.065,0.286,-0.146,0.079,0.206,-0.029
A-7-W,0.059,0.029,0.118,0.0,0.206,0.489,3.068,0.286,-0.146,0.079,0.206,-0.029
A-7-C,0.059,0.029,0.118,0.0,0.176,0.476,2.988,0.272,-0.146,0.079,0.206,-0.029
A-7-F,0.059,0.029,0.118,0.0,0.206,0.485,3.045,0.286,-0.146,0.079,0.206,-0.029
C-5-F,0.059,0.029,0.118,0.0,0.206,0.477,2.988,0.26,-0.146,0.079,0.206,-0.029
N-4-T,0.059,0.029,0.118,0.0,0.176,0.466,2.925,0.272,-0.146,0.079,0.206,-0.029
N-4-R,0.059,0.059,0.118,0.0,0.176,0.477,2.986,0.272,-0.338,0.102,0.235,0.0
N-4-S,0.059,0.029,0.118,0.0,0.176,0.469,2.94,0.272,-0.146,0.079,0.206,-0.029
N-4-M,0.059,0.029,0.118,0.0,0.176,0.471,2.952,0.272,-0.146,0.079,0.206,-0.029
N-4-I,0.059,0.029,0.118,0.0,0.176,0.471,2.954,0.272,-0.146,0.079,0.206,-0.029
N-4-Q,0.059,0.029,0.118,0.0,0.176,0.467,2.929,0.272,-0.146,0.079,0.206,-0.029
N-4-H,0.059,0.029,0.118,0.0,0.176,0.469,2.941,0.272,-0.146,0.079,0.206,-0.029
N-4-P,0.059,0.029,0.118,0.0,0.176,0.466,2.923,0.272,-0.146,0.079,0.206,-0.029
N-4-L,0.059,0.029,0.118,0.0,0.176,0.474,2.972,0.272,-0.146,0.079,0.206,-0.029
N-4-E,0.059,0.029,0.147,0.0,0.176,0.455,2.861,0.272,0.047,0.079,0.235,-0.059
N-4-D,0.059,0.029,0.118,0.029,0.176,0.456,2.868,0.272,0.047,0.079,0.235,-0.059
N-4-A,0.059,0.029,0.118,0.0,0.176,0.463,2.908,0.272,-0.146,0.079,0.206,-0.029
N-4-G,0.059,0.029,0.118,0.0,0.176,0.476,2.982,0.272,-0.146,0.079,0.206,-0.029
N-4-V,0.059,0.029,0.118,0.0,0.176,0.461,2.897,0.272,-0.146,0.079,0.206,-0.029
N-4-Y,0.059,0.029,0.118,0.0,0.206,0.484,3.029,0.253,-0.146,0.079,0.206,-0.029
N-4-W,0.059,0.029,0.118,0.0,0.206,0.484,3.031,0.253,-0.146,0.079,0.206,-0.029
N-4-C,0.059,0.029,0.118,0.0,0.176,0.472,2.957,0.272,-0.146,0.079,0.206,-0.029
N-4-F,0.059,0.029,0.118,0.0,0.206,0.481,3.01,0.253,-0.146,0.079,0.206,-0.029
S-3-R,0.059,0.059,0.118,0.0,0.176,0.476,2.978,0.272,-0.339,0.088,0.235,0.0
S-3-M,0.059,0.029,0.118,0.0,0.176,0.47,2.945,0.272,-0.146,0.079,0.206,-0.029
S-3-I,0.059,0.029,0.118,0.0,0.176,0.47,2.947,0.272,-0.146,0.079,0.206,-0.029
S-3-Q,0.059,0.029,0.118,0.0,0.176,0.466,2.923,0.272,-0.146,0.079,0.206,-0.029
S-3-H,0.059,0.029,0.118,0.0,0.176,0.468,2.935,0.272,-0.146,0.079,0.206,-0.029
S-3-P,0.059,0.029,0.118,0.0,0.176,0.465,2.917,0.272,-0.146,0.079,0.206,-0.029
S-3-L,0.059,0.029,0.118,0.0,0.176,0.473,2.964,0.272,-0.146,0.079,0.206,-0.029
S-3-E,0.059,0.029,0.147,0.0,0.176,0.454,2.859,0.272,0.048,0.077,0.235,-0.059
S-3-D,0.059,0.029,0.118,0.029,0.176,0.455,2.866,0.272,0.048,0.077,0.235,-0.059
S-3-A,0.059,0.029,0.118,0.0,0.176,0.462,2.904,0.272,-0.146,0.079,0.206,-0.029
S-3-G,0.059,0.029,0.118,0.0,0.176,0.475,2.974,0.272,-0.146,0.079,0.206,-0.029
S-3-V,0.059,0.029,0.118,0.0,0.176,0.46,2.893,0.272,-0.146,0.079,0.206,-0.029
S-3-Y,0.059,0.029,0.118,0.0,0.206,0.483,3.018,0.247,-0.146,0.079,0.206,-0.029
S-3-W,0.059,0.029,0.118,0.0,0.206,0.483,3.02,0.247,-0.146,0.079,0.206,-0.029
S-3-C,0.059,0.029,0.118,0.0,0.176,0.471,2.95,0.272,-0.146,0.079,0.206,-0.029
S-3-F,0.059,0.029,0.118,0.0,0.206,0.48,3.0,0.247,-0.146,0.079,0.206,-0.029
A-2-G,0.059,0.029,0.118,0.0,0.176,0.48,2.998,0.272,-0.146,0.079,0.206,-0.029
A-2-V,0.059,0.029,0.118,0.0,0.176,0.466,2.924,0.272,-0.146,0.079,0.206,-0.029
A-2-Y,0.059,0.029,0.118,0.0,0.206,0.488,3.039,0.241,-0.146,0.079,0.206,-0.029
A-2-W,0.059,0.029,0.118,0.0,0.206,0.489,3.041,0.241,-0.146,0.079,0.206,-0.029
A-2-C,0.059,0.029,0.118,0.0,0.176,0.476,2.977,0.272,-0.146,0.079,0.206,-0.029
A-2-F,0.059,0.029,0.118,0.0,0.206,0.485,3.022,0.241,-0.146,0.079,0.206,-0.029
E-1-D,0.059,0.029,0.088,0.029,0.176,0.469,2.939,0.272,-0.146,0.079,0.206,-0.029
E-1-A,0.059,0.029,0.088,0.0,0.176,0.476,2.967,0.272,-0.341,0.073,0.235,0.0
E-1-G,0.059,0.029,0.088,0.0,0.176,0.488,3.019,0.272,-0.341,0.073,0.235,0.0
E-1-V,0.059,0.029,0.088,0.0,0.176,0.474,2.959,0.272,-0.341,0.073,0.235,0.0
E-1-Y,0.059,0.029,0.088,0.0,0.206,0.496,3.052,0.234,-0.341,0.073,0.235,0.0
E-1-W,0.059,0.029,0.088,0.0,0.206,0.497,3.053,0.234,-0.341,0.073,0.235,0.0
E-1-C,0.059,0.029,0.088,0.0,0.176,0.484,3.002,0.272,-0.341,0.073,0.235,0.0
E-1-F,0.059,0.029,0.088,0.0,0.206,0.493,3.038,0.234,-0.341,0.073,0.235,0.0
